order_id,date,region,product,sales rep,qty,unit_price,discount,status,notes
ORD-10000,2025-12-03,Abuja,Laptop,Tunde,9,956.22,,refunded,
ORD-10001,2025-08-21,Cape Town,Headphones,Tunde,5,88.53,,paid,
ORD-10002,2025-10-22,Lagos,Keyboard,Kofi,12,46.70,,paid,
ORD-10003,2025-05-03,Cairo,Tablet,Wanjiru,2,393.41,,paid,
ORD-10004,2025-11-17,Lagos,Headphones,Tunde,7,85.15,,paid,
ORD-10005,2025-05-06,Accra,Tablet,Zainab,7,382.58,,paid,
ORD-10006,2025-07-14,Accra,Phone,Tunde,11,614.77,,refunded,
ORD-10007,2025-09-09,Cairo,Monitor,Wanjiru,9,218.55,,paid,
ORD-10008,2025-11-17,Lagos,Headphones,Omar,1,83.42,0.02,pending,
ORD-10009,2025-06-16,Accra,Laptop,Ada,12,1023.07,,pending,
ORD-10010,2025-01-04,Abuja,Phone,Ada,1,634.49,0.19,paid,
ORD-10011,2025-03-27,Nairobi,Keyboard,Zainab,2,44.90,0.23,refunded,"gift wrap
second line"
ORD-10012,2025-03-10,Cairo,Keyboard,Kofi,9,42.90,0.05,paid,"  needs follow-up, ""urgent"" "
ORD-10013,2025-09-13,Cape Town,Headphones,Kofi,1,78.38,,paid,
ORD-10014,2025-11-19,Cairo,Laptop,Zainab,12,1000.33,,paid,
ORD-10015,2025-03-27,Nairobi,Tablet,Zainab,7,397.82,,refunded,
ORD-10016,2025-03-14,Abuja,Tablet,Zainab,12,420.86,,pending,
ORD-10017,2025-07-01,Accra,Laptop,Omar,12,946.59,0.11,paid,
ORD-10018,2025-07-04,Cape Town,Monitor,Wanjiru,10,208.20,0.14,paid,
ORD-10019,2025-08-29,Nairobi,Phone,Ada,10,660.04,,pending,
ORD-10020,2025-10-06,Accra,Laptop,Omar,11,862.03,0.02,paid,"gift wrap
second line"
ORD-10021,2025-12-12,Abuja,Monitor,Ada,3,238.05,0.11,pending,
ORD-10022,2025-05-25,Nairobi,Headphones,Ada,3,90.23,,paid,
ORD-10023,2025-03-18,Accra,Laptop,Tunde,1,906.82,,paid,
ORD-10024,2025-05-31,Abuja,Laptop,Ada,1,933.56,0.06,pending,
ORD-10025,2025-11-09,Cairo,Tablet,Omar,8,415.92,,paid,
ORD-10026,2025-09-21,Accra,Monitor,Thandi,9,247.69,,pending,
ORD-10027,2025-12-22,Nairobi,Keyboard,Ada,5,48.44,,refunded,
ORD-10028,2025-03-28,Cape Town,Phone,Ada,11,657.22,,refunded,
ORD-10029,2025-07-25,Cairo,Keyboard,Tunde,9,44.41,,paid,
ORD-10030,2025-10-28,Nairobi,Keyboard,Thandi,11,41.54,,pending,"  needs follow-up, ""urgent"" "
ORD-10031,2025-05-26,Lagos,Laptop,Thandi,11,887.87,0.24,refunded,
ORD-10032,2025-01-06,Cape Town,Monitor,Thandi,10,212.89,,refunded,
ORD-10033,2025-10-11,Cape Town,Monitor,Omar,8,211.61,0.15,paid,
ORD-10034,2025-08-15,Accra,Phone,Omar,3,670.28,0.17,paid,
ORD-10035,2025-02-08,Cairo,Headphones,Kofi,10,83.72,,refunded,
ORD-10036,2025-03-11,Cape Town,Keyboard,Tunde,2,49.04,,paid,
ORD-10037,2025-11-14,Cairo,Keyboard,Tunde,3,40.77,,paid,
ORD-10038,2025-03-24,Lagos,Tablet,Ada,2,420.61,,pending,
ORD-10039,2025-05-22,Accra,Headphones,Zainab,10,92.85,,refunded,
ORD-10040,2025-09-23,Accra,Laptop,Kofi,7,928.52,,paid,
ORD-10041,2025-05-06,Abuja,Tablet,Thandi,2,373.28,0.21,pending,"  needs follow-up, ""urgent"" "
ORD-10042,2025-04-27,Nairobi,Headphones,Zainab,10,76.70,,paid,
ORD-10043,2025-03-05,Cape Town,Laptop,Omar,3,1017.93,,paid,
ORD-10044,2025-11-18,Cairo,Phone,Thandi,6,665.47,,pending,
ORD-10045,2025-04-15,Cape Town,Headphones,Wanjiru,11,79.27,,refunded,
ORD-10046,2025-10-30,Lagos,Headphones,Tunde,3,76.90,,pending,
ORD-10047,2025-10-24,Abuja,Keyboard,Kofi,6,43.97,,refunded,
ORD-10048,2025-03-31,Cape Town,Tablet,Omar,4,389.88,,paid,
ORD-10049,2025-08-08,Accra,Phone,Thandi,7,578.03,0.03,paid,
ORD-10050,2025-05-23,Nairobi,Monitor,Wanjiru,2,214.12,0.12,paid,
ORD-10051,2025-06-16,Lagos,Tablet,Omar,4,393.88,0.05,paid,
ORD-10052,2025-10-03,Cape Town,Monitor,Kofi,11,238.48,0.16,refunded,
ORD-10053,2025-04-17,Cairo,Keyboard,Ada,2,43.27,,pending,
ORD-10054,2025-07-15,Cape Town,Phone,Tunde,10,642.70,,pending,"gift wrap
second line"
ORD-10055,2025-07-07,Accra,Headphones,Thandi,9,77.27,,pending,
ORD-10056,2025-03-21,Accra,Monitor,Kofi,6,208.04,,refunded,
ORD-10057,2025-12-09,Accra,Headphones,Thandi,3,80.61,,paid,"  needs follow-up, ""urgent"" "
ORD-10058,2025-10-13,Cairo,Monitor,Ada,4,235.27,,paid,
ORD-10059,2025-06-07,Accra,Tablet,Kofi,7,404.42,,pending,
ORD-10060,2025-12-25,Accra,Headphones,Wanjiru,8,77.40,0.01,pending,
ORD-10061,2025-03-22,Abuja,Monitor,Ada,10,221.12,,refunded,"  needs follow-up, ""urgent"" "
ORD-10062,2025-11-29,Cape Town,Headphones,Zainab,1,79.58,0.25,paid,
ORD-10063,2025-09-16,Cape Town,Keyboard,Ada,2,46.05,,paid,
ORD-10064,2025-09-04,Accra,Headphones,Tunde,12,93.47,,refunded,
ORD-10065,2025-05-06,Cape Town,Laptop,Wanjiru,6,1042.14,,paid,
ORD-10066,2025-03-09,Cairo,Phone,Wanjiru,12,625.12,0.12,paid,"  needs follow-up, ""urgent"" "
ORD-10067,2025-10-26,Nairobi,Monitor,Tunde,1,236.23,,paid,"gift wrap
second line"
ORD-10068,2025-09-20,Cairo,Keyboard,Thandi,9,48.07,0.17,paid,"  needs follow-up, ""urgent"" "
ORD-10069,2025-02-02,Lagos,Laptop,Kofi,2,897.10,,refunded,
ORD-10070,2025-10-01,Cape Town,Headphones,Zainab,3,81.22,,paid,
ORD-10071,2025-11-17,Cairo,Monitor,Wanjiru,5,251.76,,pending,
ORD-10072,2025-09-18,Accra,Keyboard,Thandi,11,42.14,,paid,
ORD-10073,2025-08-12,Lagos,Headphones,Wanjiru,10,86.03,0.14,pending,"  needs follow-up, ""urgent"" "
ORD-10074,2025-09-01,Accra,Keyboard,Zainab,11,48.76,0.19,paid,
ORD-10075,2025-01-29,Abuja,Tablet,Wanjiru,4,400.92,0.10,paid,
ORD-10076,2025-06-11,Accra,Laptop,Thandi,2,877.24,,paid,
ORD-10077,2025-12-20,Cairo,Phone,Kofi,2,610.20,,paid,
ORD-10078,2025-03-13,Lagos,Tablet,Tunde,8,422.75,0.24,paid,
ORD-10079,2025-09-06,Accra,Headphones,Zainab,1,80.65,0.09,paid,"gift wrap
second line"
ORD-10080,2025-07-06,Cairo,Laptop,Tunde,7,974.50,0.23,refunded,
ORD-10081,2025-02-23,Nairobi,Headphones,Kofi,4,79.03,,refunded,
ORD-10082,2025-11-08,Accra,Headphones,Ada,5,92.82,,refunded,
ORD-10083,2025-05-12,Accra,Headphones,Ada,7,76.54,,paid,
ORD-10084,2025-03-09,Accra,Tablet,Ada,1,432.15,,pending,
ORD-10085,2025-11-01,Nairobi,Headphones,Zainab,5,82.86,0.02,paid,"  needs follow-up, ""urgent"" "
ORD-10086,2025-09-04,Abuja,Monitor,Ada,1,238.80,,pending,
ORD-10087,2025-07-22,Accra,Headphones,Ada,5,84.55,,paid,
ORD-10088,2025-09-23,Nairobi,Monitor,Omar,1,208.87,,pending,"gift wrap
second line"
ORD-10089,2025-01-15,Nairobi,Phone,Thandi,8,608.99,,paid,
ORD-10090,2025-05-05,Abuja,Tablet,Thandi,2,392.86,,paid,
ORD-10091,2025-11-28,Abuja,Laptop,Thandi,1,1024.92,,paid,
ORD-10092,2025-06-02,Cairo,Monitor,Omar,12,247.33,0.07,paid,
ORD-10093,2025-03-30,Nairobi,Monitor,Thandi,11,223.26,0.04,paid,"  needs follow-up, ""urgent"" "
ORD-10094,2025-09-25,Accra,Keyboard,Omar,1,45.99,,paid,
ORD-10095,2025-08-30,Cairo,Headphones,Ada,2,91.11,,refunded,
ORD-10096,2025-09-29,Accra,Tablet,Tunde,2,376.92,,pending,
ORD-10097,2025-11-08,Cape Town,Keyboard,Wanjiru,9,47.27,,paid,
ORD-10098,2025-03-06,Cairo,Monitor,Omar,3,224.17,0.21,paid,
ORD-10099,2025-09-28,Lagos,Headphones,Thandi,10,76.50,,paid,"gift wrap
second line"
ORD-10100,2025-06-17,Cairo,Phone,Thandi,8,562.34,,paid,
ORD-10101,2025-08-23,Abuja,Phone,Zainab,2,586.65,,paid,
ORD-10102,2025-10-27,Nairobi,Laptop,Wanjiru,11,974.67,,refunded,
ORD-10103,2025-01-01,Accra,Headphones,Ada,6,82.50,,paid,"  needs follow-up, ""urgent"" "
ORD-10104,2025-11-26,Cape Town,Keyboard,Kofi,8,45.32,,pending,
ORD-10105,2025-09-16,Cape Town,Keyboard,Omar,9,48.28,0.13,paid,
ORD-10106,2025-04-26,Accra,Headphones,Kofi,1,87.80,0.11,paid,"  needs follow-up, ""urgent"" "
ORD-10107,2025-07-26,Cape Town,Phone,Omar,3,564.89,,paid,
ORD-10108,2025-12-11,Cairo,Monitor,Omar,3,240.80,,pending,
ORD-10109,2025-12-23,Nairobi,Laptop,Kofi,1,898.99,,refunded,
ORD-10110,2025-10-20,Nairobi,Monitor,Zainab,8,228.02,,paid,"gift wrap
second line"
ORD-10111,2025-05-10,Nairobi,Tablet,Omar,7,441.75,0.06,pending,
ORD-10112,2025-09-05,Accra,Tablet,Wanjiru,2,401.85,,refunded,
ORD-10113,2025-11-28,Nairobi,Laptop,Thandi,7,943.24,,paid,
ORD-10114,2025-09-21,Nairobi,Tablet,Ada,6,405.42,,paid,
ORD-10115,2025-06-08,Cape Town,Laptop,Tunde,12,893.43,0.22,refunded,
ORD-10116,2025-06-03,Abuja,Keyboard,Kofi,3,47.18,,paid,
ORD-10117,2025-01-25,Cairo,Keyboard,Thandi,8,43.37,,pending,
ORD-10118,2025-10-17,Abuja,Monitor,Thandi,5,248.61,,pending,
ORD-10119,2025-01-26,Cape Town,Headphones,Omar,9,76.82,0.14,paid,"  needs follow-up, ""urgent"" "
ORD-10120,2025-11-13,Accra,Laptop,Tunde,8,975.75,0.14,paid,
ORD-10121,2025-07-06,Cape Town,Monitor,Tunde,11,227.90,,pending,
ORD-10122,2025-12-18,Lagos,Laptop,Omar,5,894.18,,paid,
ORD-10123,2025-05-23,Cape Town,Keyboard,Omar,9,45.77,,paid,
ORD-10124,2025-04-12,Nairobi,Headphones,Omar,7,81.10,,refunded,
ORD-10125,2025-12-17,Abuja,Keyboard,Omar,12,48.28,0.05,paid,
ORD-10126,2025-01-09,Cairo,Keyboard,Kofi,1,40.85,,paid,"  needs follow-up, ""urgent"" "
ORD-10127,2025-06-05,Abuja,Tablet,Kofi,9,387.85,0.24,refunded,
ORD-10128,2025-03-14,Nairobi,Tablet,Ada,9,451.00,,paid,
ORD-10129,2025-03-16,Cape Town,Tablet,Omar,5,371.41,,paid,
ORD-10130,2025-11-19,Lagos,Monitor,Omar,8,240.31,0.09,refunded,
ORD-10131,2025-04-29,Lagos,Laptop,Tunde,8,1010.70,0.22,paid,
ORD-10132,2025-10-18,Abuja,Phone,Wanjiru,5,578.98,0.07,pending,
ORD-10133,2025-07-24,Accra,Monitor,Thandi,1,249.65,,paid,
ORD-10134,2025-09-21,Cape Town,Laptop,Wanjiru,4,1001.48,,pending,
ORD-10135,2025-06-01,Lagos,Phone,Wanjiru,1,559.19,,pending,
ORD-10136,2025-08-26,Accra,Phone,Omar,3,572.31,,pending,
ORD-10137,2025-06-10,Nairobi,Keyboard,Thandi,4,49.28,0.00,paid,
ORD-10138,2025-09-13,Cape Town,Phone,Ada,10,582.54,0.20,paid,"gift wrap
second line"
ORD-10139,2025-04-01,Nairobi,Phone,Thandi,9,635.17,0.07,paid,
ORD-10140,2025-01-13,Accra,Laptop,Thandi,3,974.03,,paid,
ORD-10141,2025-07-12,Cairo,Headphones,Omar,9,79.34,0.05,paid,
ORD-10142,2025-05-30,Cape Town,Phone,Kofi,1,662.45,,paid,
ORD-10143,2025-08-30,Cape Town,Monitor,Omar,1,212.05,0.06,pending,
ORD-10144,2025-12-17,Cairo,Keyboard,Omar,9,46.61,,pending,
ORD-10145,2025-04-18,Abuja,Laptop,Wanjiru,7,910.33,0.07,paid,
ORD-10146,2025-11-12,Abuja,Tablet,Tunde,12,442.64,,paid,
ORD-10147,2025-04-04,Accra,Laptop,Kofi,3,905.12,,paid,
ORD-10148,2025-10-08,Lagos,Laptop,Thandi,4,857.21,,refunded,
ORD-10149,2025-02-27,Cairo,Tablet,Omar,4,428.59,,paid,
ORD-10150,2025-09-13,Cairo,Laptop,Omar,3,1037.69,,pending,
ORD-10151,2025-04-27,Accra,Keyboard,Zainab,10,46.13,0.05,pending,"gift wrap
second line"
ORD-10152,2025-04-01,Cape Town,Tablet,Tunde,1,411.93,,paid,"  needs follow-up, ""urgent"" "
ORD-10153,2025-10-30,Cape Town,Tablet,Omar,5,395.84,,paid,
ORD-10154,2025-08-18,Cape Town,Monitor,Wanjiru,8,215.22,0.21,paid,
ORD-10155,2025-05-13,Abuja,Keyboard,Kofi,12,48.50,,pending,
ORD-10156,2025-05-20,Abuja,Headphones,Thandi,12,82.84,,pending,
ORD-10157,2025-06-21,Cairo,Phone,Thandi,11,638.22,,refunded,
ORD-10158,2025-04-01,Cape Town,Phone,Tunde,9,637.51,,refunded,
ORD-10159,2025-03-04,Cairo,Phone,Thandi,11,619.60,,pending,
ORD-10160,2025-10-26,Cape Town,Laptop,Kofi,4,883.80,,paid,
ORD-10161,2025-01-30,Abuja,Monitor,Kofi,10,244.49,,pending,
ORD-10162,2025-11-11,Cairo,Headphones,Thandi,11,78.67,0.24,refunded,
ORD-10163,2025-11-18,Cape Town,Keyboard,Ada,6,46.42,,paid,
ORD-10164,2025-07-06,Abuja,Headphones,Thandi,9,84.20,,paid,
ORD-10165,2025-03-31,Nairobi,Keyboard,Ada,8,48.38,0.01,pending,"  needs follow-up, ""urgent"" "
ORD-10166,2025-07-02,Lagos,Monitor,Thandi,7,216.68,,refunded,
ORD-10167,2025-09-20,Abuja,Keyboard,Kofi,9,47.30,,pending,"  needs follow-up, ""urgent"" "
ORD-10168,2025-05-28,Nairobi,Monitor,Ada,11,213.57,,refunded,
ORD-10169,2025-02-11,Accra,Headphones,Zainab,4,90.41,,paid,
ORD-10170,2025-12-12,Cape Town,Tablet,Ada,2,438.36,,paid,
ORD-10171,2025-08-27,Cape Town,Monitor,Tunde,6,225.53,0.24,paid,
ORD-10172,2025-08-20,Lagos,Monitor,Omar,4,235.50,,paid,
ORD-10173,2025-11-28,Cape Town,Tablet,Omar,6,435.01,,paid,
ORD-10174,2025-12-10,Accra,Laptop,Wanjiru,11,987.12,,paid,
ORD-10175,2025-01-02,Cape Town,Phone,Tunde,1,633.20,,pending,
ORD-10176,2025-07-27,Cairo,Phone,Zainab,6,562.50,,paid,
ORD-10177,2025-10-11,Lagos,Tablet,Tunde,1,394.61,,paid,
ORD-10178,2025-10-15,Abuja,Phone,Wanjiru,6,625.55,0.21,refunded,
ORD-10179,2025-11-03,Cape Town,Laptop,Wanjiru,5,936.70,0.23,paid,
ORD-10180,2025-11-27,Nairobi,Headphones,Tunde,11,85.24,,paid,
ORD-10181,2025-08-12,Lagos,Tablet,Thandi,8,421.50,,pending,
ORD-10182,2025-01-11,Abuja,Monitor,Thandi,10,210.82,,paid,
ORD-10183,2025-10-29,Cape Town,Tablet,Kofi,9,404.05,,refunded,
ORD-10184,2025-12-02,Cape Town,Headphones,Ada,3,91.90,0.06,refunded,
ORD-10185,2025-05-19,Cairo,Laptop,Tunde,9,911.68,,paid,
ORD-10186,2025-12-05,Abuja,Laptop,Omar,7,884.93,,paid,
ORD-10187,2025-01-04,Abuja,Headphones,Wanjiru,7,78.93,,paid,
ORD-10188,2025-09-27,Cairo,Keyboard,Wanjiru,5,44.42,0.19,paid,
ORD-10189,2025-09-19,Nairobi,Headphones,Ada,3,88.35,,paid,
ORD-10190,2025-07-21,Nairobi,Tablet,Wanjiru,4,392.97,,paid,
ORD-10191,2025-12-13,Cape Town,Monitor,Zainab,4,211.26,,paid,
ORD-10192,2025-01-29,Cape Town,Tablet,Thandi,12,423.47,,refunded,
ORD-10193,2025-04-09,Abuja,Phone,Wanjiru,11,618.36,0.04,paid,
ORD-10194,2025-01-06,Nairobi,Laptop,Tunde,2,971.31,,pending,
ORD-10195,2025-06-29,Lagos,Laptop,Kofi,2,858.83,,paid,
ORD-10196,2025-12-05,Nairobi,Tablet,Thandi,2,408.44,,paid,
ORD-10197,2025-08-12,Cairo,Laptop,Zainab,10,979.20,0.04,paid,
ORD-10198,2025-08-22,Accra,Laptop,Zainab,12,860.62,,paid,
ORD-10199,2025-04-29,Cape Town,Laptop,Ada,1,870.08,,paid,
ORD-10200,2025-04-21,Accra,Tablet,Zainab,3,380.29,,paid,
ORD-10201,2025-08-18,Abuja,Headphones,Omar,1,82.08,,pending,
ORD-10202,2025-05-31,Cape Town,Laptop,Kofi,8,942.82,0.21,paid,
ORD-10203,2025-11-28,Cape Town,Keyboard,Tunde,10,47.80,0.11,pending,
ORD-10204,2025-01-18,Cape Town,Monitor,Zainab,8,238.07,,paid,
ORD-10205,2025-11-26,Cairo,Headphones,Kofi,8,80.83,0.16,paid,
ORD-10206,2025-03-19,Cape Town,Tablet,Wanjiru,3,410.01,,pending,
ORD-10207,2025-06-20,Cairo,Keyboard,Omar,2,47.92,,paid,
ORD-10208,2025-02-01,Accra,Tablet,Tunde,2,437.09,,paid,"gift wrap
second line"
ORD-10209,2025-07-24,Cape Town,Phone,Tunde,2,657.94,,paid,"gift wrap
second line"
ORD-10210,2025-12-26,Abuja,Headphones,Kofi,4,88.17,0.16,refunded,
ORD-10211,2025-07-15,Accra,Headphones,Kofi,11,78.94,,paid,"  needs follow-up, ""urgent"" "
ORD-10212,2025-04-23,Lagos,Headphones,Ada,1,81.23,,paid,
ORD-10213,2025-10-12,Nairobi,Monitor,Kofi,5,249.04,0.04,pending,
ORD-10214,2025-07-03,Nairobi,Monitor,Kofi,1,232.70,,paid,
ORD-10215,2025-03-04,Cairo,Headphones,Wanjiru,7,89.65,0.05,paid,
ORD-10216,2025-03-09,Accra,Tablet,Kofi,9,413.52,,paid,
ORD-10217,2025-06-19,Cairo,Phone,Zainab,6,593.52,,paid,
ORD-10218,2025-01-29,Cairo,Headphones,Thandi,6,77.63,0.11,paid,
ORD-10219,2025-07-16,Accra,Monitor,Kofi,8,214.02,0.07,refunded,
ORD-10220,2025-01-13,Accra,Tablet,Tunde,10,441.77,0.01,pending,
ORD-10221,2025-05-04,Cairo,Tablet,Tunde,2,410.12,0.20,paid,
ORD-10222,2025-01-30,Cape Town,Monitor,Wanjiru,12,217.21,,refunded,
ORD-10223,2025-04-07,Accra,Phone,Kofi,7,593.90,0.04,pending,
ORD-10224,2025-09-18,Nairobi,Headphones,Tunde,10,86.88,,paid,
ORD-10225,2025-06-03,Accra,Keyboard,Omar,10,46.77,,refunded,
ORD-10226,2025-08-30,Nairobi,Tablet,Zainab,9,424.60,0.21,pending,
ORD-10227,2025-07-08,Lagos,Laptop,Ada,12,861.65,,pending,
ORD-10228,2025-09-03,Cairo,Headphones,Zainab,12,81.81,,paid,
ORD-10229,2025-06-09,Lagos,Tablet,Kofi,3,448.01,,refunded,
ORD-10230,2025-01-13,Cairo,Keyboard,Omar,12,46.15,,refunded,
ORD-10231,2025-06-19,Abuja,Keyboard,Thandi,1,44.42,0.10,refunded,
ORD-10232,2025-06-02,Cairo,Tablet,Kofi,11,427.89,,refunded,
ORD-10233,2025-09-07,Cape Town,Laptop,Thandi,10,971.29,,refunded,
ORD-10234,2025-12-01,Lagos,Keyboard,Zainab,4,48.13,,pending,
ORD-10235,2025-05-01,Lagos,Keyboard,Kofi,6,49.15,,paid,
ORD-10236,2025-02-04,Cairo,Keyboard,Omar,7,40.74,,refunded,
ORD-10237,2025-08-01,Accra,Laptop,Ada,5,1024.67,,paid,
ORD-10238,2025-08-22,Cairo,Phone,Ada,1,629.97,,paid,
ORD-10239,2025-05-07,Accra,Phone,Ada,3,638.50,0.07,paid,
ORD-10240,2025-12-28,Accra,Tablet,Kofi,3,411.46,0.20,paid,
ORD-10241,2025-11-25,Lagos,Laptop,Kofi,8,963.02,,paid,
ORD-10242,2025-12-03,Nairobi,Tablet,Wanjiru,9,415.26,,paid,
ORD-10243,2025-01-23,Accra,Laptop,Zainab,10,966.46,,paid,
ORD-10244,2025-05-22,Nairobi,Monitor,Omar,6,235.31,,pending,
ORD-10245,2025-12-28,Abuja,Tablet,Ada,1,390.78,,paid,
ORD-10246,2025-12-21,Nairobi,Tablet,Ada,5,383.22,0.07,refunded,
ORD-10247,2025-07-27,Cairo,Tablet,Tunde,4,373.67,,paid,
ORD-10248,2025-01-15,Abuja,Headphones,Ada,5,78.40,,paid,"  needs follow-up, ""urgent"" "
ORD-10249,2025-08-06,Cairo,Headphones,Kofi,4,83.84,0.23,pending,
ORD-10250,2025-05-30,Abuja,Phone,Ada,9,629.23,0.01,paid,
ORD-10251,2025-08-14,Lagos,Laptop,Ada,8,972.55,,refunded,
ORD-10252,2025-04-24,Accra,Keyboard,Thandi,9,41.06,,paid,
ORD-10253,2025-06-10,Accra,Tablet,Tunde,8,385.96,,refunded,
ORD-10254,2025-07-10,Nairobi,Phone,Wanjiru,1,624.98,,paid,
ORD-10255,2025-12-13,Nairobi,Phone,Wanjiru,12,669.15,,refunded,"gift wrap
second line"
ORD-10256,2025-06-30,Cairo,Tablet,Ada,9,435.20,,paid,
ORD-10257,2025-08-17,Abuja,Phone,Thandi,10,665.50,0.10,refunded,
ORD-10258,2025-09-08,Lagos,Laptop,Omar,6,1023.71,,paid,
ORD-10259,2025-10-24,Accra,Keyboard,Zainab,12,49.25,,paid,"  needs follow-up, ""urgent"" "
ORD-10260,2025-10-26,Cape Town,Tablet,Zainab,2,399.88,,paid,
ORD-10261,2025-05-02,Lagos,Keyboard,Kofi,9,45.09,,paid,
ORD-10262,2025-01-15,Lagos,Laptop,Thandi,2,858.90,,paid,
ORD-10263,2025-04-25,Cape Town,Headphones,Thandi,8,78.49,,paid,
ORD-10264,2025-07-06,Accra,Headphones,Ada,10,83.56,,pending,
ORD-10265,2025-01-03,Cairo,Tablet,Wanjiru,2,374.41,,paid,
ORD-10266,2025-07-28,Accra,Headphones,Omar,9,77.74,0.01,paid,
ORD-10267,2025-11-25,Cairo,Tablet,Wanjiru,3,398.67,,pending,
ORD-10268,2025-12-17,Abuja,Tablet,Kofi,1,413.15,0.13,paid,
ORD-10269,2025-09-07,Nairobi,Keyboard,Thandi,5,43.76,,refunded,
ORD-10270,2025-06-18,Accra,Phone,Zainab,7,643.80,,paid,
ORD-10271,2025-03-01,Cairo,Phone,Kofi,2,623.74,,paid,
ORD-10272,2025-01-19,Cape Town,Keyboard,Ada,4,45.50,,paid,
ORD-10273,2025-03-16,Cairo,Headphones,Zainab,1,90.20,,paid,
ORD-10274,2025-04-21,Nairobi,Headphones,Ada,2,81.18,,refunded,
ORD-10275,2025-02-10,Lagos,Headphones,Zainab,4,89.27,,refunded,
ORD-10276,2025-11-24,Nairobi,Tablet,Tunde,3,389.38,,paid,
ORD-10277,2025-03-04,Lagos,Monitor,Kofi,2,225.10,,refunded,
ORD-10278,2025-05-09,Lagos,Headphones,Thandi,4,89.10,,paid,"  needs follow-up, ""urgent"" "
ORD-10279,2025-06-18,Accra,Monitor,Tunde,8,233.63,0.03,paid,
ORD-10280,2025-10-21,Accra,Tablet,Thandi,10,448.46,,paid,
ORD-10281,2025-04-10,Lagos,Keyboard,Omar,7,41.74,,paid,
ORD-10282,2025-01-23,Accra,Laptop,Thandi,9,860.50,0.16,paid,
ORD-10283,2025-10-28,Lagos,Laptop,Ada,11,1003.29,,paid,
ORD-10284,2025-03-09,Cairo,Headphones,Tunde,12,92.78,,pending,
ORD-10285,2025-05-22,Lagos,Headphones,Omar,3,79.48,,refunded,
ORD-10286,2025-07-03,Cairo,Keyboard,Kofi,1,42.83,0.08,paid,
ORD-10287,2025-08-09,Lagos,Laptop,Omar,12,1040.95,,refunded,
ORD-10288,2025-06-23,Accra,Laptop,Wanjiru,3,858.51,0.03,paid,
ORD-10289,2025-02-11,Abuja,Tablet,Thandi,8,383.01,,refunded,
ORD-10290,2025-09-11,Lagos,Laptop,Kofi,2,855.70,,paid,
ORD-10291,2025-06-12,Nairobi,Tablet,Thandi,11,443.50,,refunded,
ORD-10292,2025-05-13,Nairobi,Phone,Thandi,11,662.40,,paid,
ORD-10293,2025-05-30,Lagos,Laptop,Tunde,1,964.24,,paid,
ORD-10294,2025-10-09,Cairo,Tablet,Thandi,9,379.98,,pending,
ORD-10295,2025-10-22,Nairobi,Phone,Tunde,7,646.44,,paid,
ORD-10296,2025-07-21,Abuja,Phone,Thandi,12,593.04,,paid,
ORD-10297,2025-04-09,Cape Town,Keyboard,Omar,10,42.66,,refunded,
ORD-10298,2025-12-29,Cape Town,Tablet,Omar,2,408.79,0.12,pending,"gift wrap
second line"
ORD-10299,2025-06-26,Lagos,Headphones,Ada,6,77.37,0.07,pending,"  needs follow-up, ""urgent"" "
ORD-10300,2025-01-15,Lagos,Monitor,Tunde,4,210.40,,refunded,
ORD-10301,2025-11-07,Nairobi,Phone,Kofi,10,566.03,,paid,
ORD-10302,2025-01-24,Cairo,Laptop,Omar,12,874.28,0.02,paid,
ORD-10303,2025-11-07,Abuja,Tablet,Kofi,12,385.84,,refunded,
ORD-10304,2025-11-21,Cairo,Monitor,Tunde,8,247.95,,refunded,
ORD-10305,2025-09-12,Accra,Tablet,Ada,4,419.19,,refunded,
ORD-10306,2025-06-20,Lagos,Keyboard,Thandi,11,42.08,,pending,"  needs follow-up, ""urgent"" "
ORD-10307,2025-07-13,Cairo,Keyboard,Tunde,4,45.30,0.15,paid,
ORD-10308,2025-04-23,Accra,Laptop,Kofi,6,859.95,,paid,
ORD-10309,2025-04-09,Cairo,Monitor,Ada,7,244.44,,pending,
ORD-10310,2025-02-03,Abuja,Monitor,Wanjiru,9,230.89,,pending,
ORD-10311,2025-12-01,Nairobi,Phone,Ada,3,581.52,,paid,
ORD-10312,2025-04-03,Cairo,Headphones,Omar,7,85.45,0.08,refunded,
ORD-10313,2025-12-22,Abuja,Laptop,Omar,8,878.81,0.09,refunded,
ORD-10314,2025-03-28,Cape Town,Tablet,Kofi,6,433.85,,paid,
ORD-10315,2025-02-17,Lagos,Laptop,Zainab,1,994.22,,paid,
ORD-10316,2025-06-24,Cape Town,Phone,Tunde,5,594.42,0.07,paid,
ORD-10317,2025-10-11,Cape Town,Laptop,Ada,12,861.13,0.11,paid,
ORD-10318,2025-10-02,Cape Town,Keyboard,Zainab,9,47.78,0.02,paid,
ORD-10319,2025-03-11,Cape Town,Headphones,Zainab,11,92.00,0.20,paid,
ORD-10320,2025-01-24,Cape Town,Laptop,Zainab,8,1035.51,0.07,paid,
ORD-10321,2025-11-01,Cairo,Monitor,Wanjiru,7,222.36,,paid,"  needs follow-up, ""urgent"" "
ORD-10322,2025-11-24,Abuja,Headphones,Omar,12,85.47,,paid,
ORD-10323,2025-04-28,Cairo,Phone,Ada,7,593.91,,refunded,
ORD-10324,2025-01-13,Nairobi,Tablet,Tunde,2,374.63,0.15,refunded,
ORD-10325,2025-01-01,Cairo,Monitor,Kofi,7,215.02,,paid,
ORD-10326,2025-03-15,Cairo,Keyboard,Wanjiru,6,45.43,,pending,
ORD-10327,2025-01-29,Nairobi,Phone,Kofi,10,610.51,,paid,
ORD-10328,2025-12-06,Cairo,Phone,Kofi,10,666.36,0.01,pending,
ORD-10329,2025-01-05,Nairobi,Tablet,Ada,7,442.60,,pending,
ORD-10330,2025-01-20,Cairo,Headphones,Omar,5,83.05,,refunded,
ORD-10331,2025-07-15,Accra,Laptop,Thandi,5,868.10,,pending,
ORD-10332,2025-01-23,Abuja,Phone,Thandi,10,594.94,,refunded,
ORD-10333,2025-01-14,Abuja,Laptop,Wanjiru,4,1027.68,,paid,
ORD-10334,2025-07-08,Lagos,Keyboard,Omar,7,42.44,,paid,
ORD-10335,2025-11-17,Cairo,Tablet,Wanjiru,9,441.02,0.23,paid,
ORD-10336,2025-10-25,Cairo,Tablet,Zainab,7,406.77,0.17,paid,
ORD-10337,2025-08-28,Cairo,Tablet,Omar,9,410.92,,refunded,
ORD-10338,2025-06-22,Accra,Tablet,Wanjiru,1,426.82,,pending,
ORD-10339,2025-04-27,Accra,Keyboard,Zainab,2,47.60,,paid,
ORD-10340,2025-06-08,Lagos,Monitor,Ada,12,235.13,,paid,
ORD-10341,2025-11-10,Cape Town,Tablet,Kofi,1,397.70,,paid,
ORD-10342,2025-04-24,Nairobi,Monitor,Omar,11,233.47,,paid,
ORD-10343,2025-03-02,Cape Town,Monitor,Tunde,11,216.97,,paid,
ORD-10344,2025-02-22,Cape Town,Phone,Tunde,9,641.71,,pending,"  needs follow-up, ""urgent"" "
ORD-10345,2025-03-08,Nairobi,Monitor,Kofi,5,212.39,0.02,paid,
ORD-10346,2025-12-15,Abuja,Laptop,Omar,12,970.81,0.23,paid,
ORD-10347,2025-05-07,Lagos,Monitor,Wanjiru,8,250.29,,paid,
ORD-10348,2025-09-08,Cairo,Headphones,Kofi,8,78.37,0.22,pending,
ORD-10349,2025-03-12,Lagos,Tablet,Thandi,7,423.06,,paid,
ORD-10350,2025-04-28,Accra,Keyboard,Zainab,1,43.42,,refunded,
ORD-10351,2025-08-07,Cape Town,Phone,Wanjiru,3,654.65,0.08,pending,
ORD-10352,2025-02-17,Nairobi,Phone,Zainab,11,565.22,,paid,
ORD-10353,2025-11-14,Accra,Phone,Zainab,7,666.91,0.05,paid,
ORD-10354,2025-03-22,Abuja,Phone,Ada,7,602.43,,paid,
ORD-10355,2025-09-30,Nairobi,Phone,Omar,11,605.67,,pending,
ORD-10356,2025-07-09,Cape Town,Keyboard,Omar,7,43.83,,pending,
ORD-10357,2025-12-18,Lagos,Headphones,Thandi,5,91.93,0.24,paid,
ORD-10358,2025-04-07,Lagos,Tablet,Thandi,1,441.78,0.23,paid,
ORD-10359,2025-08-21,Accra,Laptop,Tunde,4,872.49,,refunded,
ORD-10360,2025-02-07,Cape Town,Headphones,Tunde,8,82.91,,refunded,
ORD-10361,2025-05-17,Cape Town,Tablet,Kofi,8,433.11,,refunded,"gift wrap
second line"
ORD-10362,2025-08-20,Lagos,Phone,Ada,3,630.75,0.04,refunded,
ORD-10363,2025-10-06,Nairobi,Monitor,Zainab,8,215.39,0.08,paid,
ORD-10364,2025-05-24,Cape Town,Tablet,Ada,12,405.98,,pending,
ORD-10365,2025-09-05,Nairobi,Keyboard,Wanjiru,7,46.01,,paid,
ORD-10366,2025-09-30,Lagos,Monitor,Zainab,1,232.35,,refunded,
ORD-10367,2025-12-31,Accra,Headphones,Zainab,2,82.08,0.17,refunded,
ORD-10368,2025-03-31,Cairo,Laptop,Ada,3,886.28,,pending,
ORD-10369,2025-02-27,Cairo,Tablet,Wanjiru,7,392.10,0.15,paid,"  needs follow-up, ""urgent"" "
ORD-10370,2025-09-13,Nairobi,Tablet,Zainab,3,434.21,0.15,paid,"gift wrap
second line"
ORD-10371,2025-03-04,Cairo,Tablet,Omar,7,418.19,,pending,
ORD-10372,2025-10-08,Nairobi,Laptop,Zainab,1,1014.28,,refunded,
ORD-10373,2025-03-07,Cape Town,Phone,Zainab,5,638.77,0.05,pending,
ORD-10374,2025-04-17,Abuja,Headphones,Thandi,7,87.58,,pending,
ORD-10375,2025-04-30,Cairo,Headphones,Tunde,11,89.71,,paid,
ORD-10376,2025-08-25,Cape Town,Monitor,Kofi,6,207.83,,paid,
ORD-10377,2025-05-13,Lagos,Monitor,Ada,6,221.77,,paid,
ORD-10378,2025-09-15,Cape Town,Phone,Thandi,5,632.57,,paid,
ORD-10379,2025-07-03,Lagos,Tablet,Wanjiru,6,384.41,0.22,paid,"gift wrap
second line"
ORD-10380,2025-09-30,Abuja,Monitor,Zainab,4,227.67,,pending,
ORD-10381,2025-03-28,Cairo,Headphones,Ada,9,87.41,,paid,
ORD-10382,2025-05-05,Nairobi,Tablet,Thandi,3,398.06,,paid,
ORD-10383,2025-02-09,Cairo,Laptop,Zainab,10,974.65,,paid,
ORD-10384,2025-05-07,Cairo,Tablet,Thandi,3,450.58,,paid,
ORD-10385,2025-05-17,Cape Town,Phone,Kofi,9,580.63,,paid,
ORD-10386,2025-08-11,Abuja,Monitor,Kofi,4,231.46,,paid,
ORD-10387,2025-11-07,Accra,Tablet,Kofi,11,437.98,,pending,
ORD-10388,2025-07-26,Cairo,Laptop,Wanjiru,12,914.19,,paid,
ORD-10389,2025-04-10,Abuja,Keyboard,Tunde,9,43.00,,refunded,
ORD-10390,2025-01-14,Cape Town,Laptop,Tunde,12,984.91,0.16,paid,
ORD-10391,2025-09-21,Cape Town,Tablet,Ada,7,376.38,,pending,
ORD-10392,2025-01-29,Cape Town,Monitor,Ada,8,207.51,,paid,
ORD-10393,2025-09-14,Abuja,Tablet,Wanjiru,4,396.00,,pending,
ORD-10394,2025-06-01,Cairo,Tablet,Tunde,6,419.53,,paid,"  needs follow-up, ""urgent"" "
ORD-10395,2025-01-18,Cape Town,Headphones,Thandi,8,87.26,,pending,"  needs follow-up, ""urgent"" "
ORD-10396,2025-09-07,Lagos,Keyboard,Thandi,1,44.93,0.21,paid,
ORD-10397,2025-01-21,Cairo,Tablet,Wanjiru,2,422.54,,paid,
ORD-10398,2025-07-04,Accra,Monitor,Tunde,3,223.01,,paid,"  needs follow-up, ""urgent"" "
ORD-10399,2025-01-19,Cairo,Headphones,Thandi,5,81.67,0.06,paid,
ORD-10400,2025-01-13,Nairobi,Phone,Kofi,7,559.38,,paid,
ORD-10401,2025-02-04,Abuja,Laptop,Thandi,9,887.00,,paid,
ORD-10402,2025-05-26,Nairobi,Laptop,Wanjiru,6,1001.33,0.08,paid,
ORD-10403,2025-12-11,Abuja,Monitor,Omar,4,235.29,,refunded,
ORD-10404,2025-06-19,Cairo,Monitor,Wanjiru,1,213.47,0.19,paid,"  needs follow-up, ""urgent"" "
ORD-10405,2025-03-04,Cairo,Tablet,Omar,3,379.35,,pending,
ORD-10406,2025-11-29,Abuja,Phone,Wanjiru,3,559.56,,refunded,"  needs follow-up, ""urgent"" "
ORD-10407,2025-01-18,Cairo,Headphones,Omar,7,88.96,,pending,
ORD-10408,2025-03-23,Cairo,Tablet,Omar,10,432.86,0.22,paid,
ORD-10409,2025-09-05,Cape Town,Tablet,Thandi,4,402.13,,paid,
ORD-10410,2025-05-19,Accra,Laptop,Zainab,11,964.92,,paid,
ORD-10411,2025-12-10,Accra,Keyboard,Thandi,7,44.79,,refunded,
ORD-10412,2025-09-22,Accra,Keyboard,Ada,1,46.19,,paid,
ORD-10413,2025-03-26,Cape Town,Headphones,Ada,12,77.31,0.15,paid,
ORD-10414,2025-08-12,Cairo,Monitor,Omar,8,218.42,,paid,
ORD-10415,2025-03-04,Accra,Keyboard,Ada,11,49.26,,paid,
ORD-10416,2025-02-11,Lagos,Monitor,Ada,8,242.93,0.22,paid,
ORD-10417,2025-10-23,Cape Town,Monitor,Thandi,1,242.00,0.10,refunded,
ORD-10418,2025-02-01,Accra,Phone,Kofi,5,661.83,,refunded,"gift wrap
second line"
ORD-10419,2025-12-27,Accra,Keyboard,Zainab,5,48.26,,paid,
ORD-10420,2025-09-20,Abuja,Tablet,Ada,11,434.73,,paid,
ORD-10421,2025-07-24,Accra,Monitor,Ada,8,229.31,,paid,
ORD-10422,2025-01-22,Nairobi,Tablet,Wanjiru,9,416.73,,paid,
ORD-10423,2025-07-28,Nairobi,Laptop,Kofi,5,1038.91,,refunded,
ORD-10424,2025-08-07,Abuja,Monitor,Tunde,1,226.38,0.25,paid,
ORD-10425,2025-06-08,Accra,Headphones,Thandi,6,77.33,,paid,
ORD-10426,2025-04-16,Lagos,Monitor,Omar,5,227.35,,refunded,
ORD-10427,2025-10-09,Nairobi,Phone,Kofi,1,672.29,,paid,"  needs follow-up, ""urgent"" "
ORD-10428,2025-04-23,Accra,Monitor,Zainab,8,226.16,0.09,paid,
ORD-10429,2025-11-02,Cape Town,Monitor,Omar,2,235.02,,pending,
ORD-10430,2025-04-15,Cape Town,Headphones,Wanjiru,7,89.32,,paid,
ORD-10431,2025-09-19,Lagos,Phone,Tunde,5,578.20,,paid,
ORD-10432,2025-06-03,Accra,Headphones,Omar,5,89.70,,pending,
ORD-10433,2025-01-24,Lagos,Monitor,Zainab,4,216.33,,pending,
ORD-10434,2025-09-29,Abuja,Tablet,Zainab,2,423.21,,pending,
ORD-10435,2025-11-22,Cairo,Headphones,Kofi,6,83.05,0.17,paid,
ORD-10436,2025-03-21,Abuja,Laptop,Thandi,5,905.12,,paid,
ORD-10437,2025-09-30,Cape Town,Laptop,Thandi,10,901.61,,refunded,
ORD-10438,2025-11-06,Abuja,Laptop,Omar,5,989.69,,paid,
ORD-10439,2025-01-26,Lagos,Monitor,Zainab,10,244.44,0.07,pending,
ORD-10440,2025-03-19,Cape Town,Keyboard,Thandi,1,41.30,0.23,paid,
ORD-10441,2025-02-16,Accra,Laptop,Zainab,1,860.66,,paid,"gift wrap
second line"
ORD-10442,2025-01-11,Cape Town,Tablet,Zainab,8,423.15,,pending,
ORD-10443,2025-07-29,Accra,Laptop,Ada,12,923.27,0.16,paid,"  needs follow-up, ""urgent"" "
ORD-10444,2025-12-27,Lagos,Tablet,Omar,9,394.12,,pending,
ORD-10445,2025-09-12,Cape Town,Laptop,Ada,4,1042.56,,refunded,
ORD-10446,2025-08-01,Nairobi,Phone,Zainab,7,608.34,,refunded,
ORD-10447,2025-04-10,Nairobi,Laptop,Ada,7,968.45,,paid,
ORD-10448,2025-03-29,Nairobi,Phone,Zainab,2,574.95,,paid,
ORD-10449,2025-10-14,Cape Town,Keyboard,Kofi,2,44.59,0.12,paid,
ORD-10450,2025-12-13,Abuja,Tablet,Omar,4,400.68,,refunded,
ORD-10451,2025-10-07,Nairobi,Laptop,Wanjiru,5,998.61,,refunded,
ORD-10452,2025-05-28,Lagos,Keyboard,Ada,6,49.36,,pending,
ORD-10453,2025-01-13,Cape Town,Tablet,Kofi,1,413.49,0.03,pending,
ORD-10454,2025-10-08,Lagos,Laptop,Thandi,1,1032.95,,paid,
ORD-10455,2025-07-04,Cairo,Phone,Thandi,6,651.51,,paid,"  needs follow-up, ""urgent"" "
ORD-10456,2025-06-07,Cairo,Tablet,Omar,10,370.75,,paid,"  needs follow-up, ""urgent"" "
ORD-10457,2025-06-21,Cairo,Phone,Thandi,4,665.29,,paid,
ORD-10458,2025-02-11,Lagos,Headphones,Ada,11,86.70,,pending,
ORD-10459,2025-11-26,Accra,Monitor,Kofi,5,233.29,0.16,paid,
ORD-10460,2025-03-02,Accra,Phone,Ada,5,569.60,0.17,paid,
ORD-10461,2025-03-06,Nairobi,Monitor,Tunde,2,230.39,,refunded,
ORD-10462,2025-03-09,Accra,Monitor,Thandi,10,209.66,,paid,
ORD-10463,2025-07-28,Cairo,Keyboard,Omar,11,47.69,,refunded,
ORD-10464,2025-06-18,Lagos,Phone,Tunde,11,622.05,,paid,
ORD-10465,2025-07-26,Lagos,Monitor,Kofi,9,250.50,,refunded,
ORD-10466,2025-08-07,Nairobi,Headphones,Kofi,9,78.35,,paid,
ORD-10467,2025-10-20,Cairo,Phone,Tunde,3,664.66,,paid,
ORD-10468,2025-01-01,Nairobi,Laptop,Omar,6,917.08,,paid,
ORD-10469,2025-04-22,Cairo,Headphones,Omar,1,78.15,0.14,paid,
ORD-10470,2025-01-30,Lagos,Monitor,Wanjiru,9,207.26,,paid,
ORD-10471,2025-03-04,Lagos,Monitor,Tunde,6,232.95,,refunded,
ORD-10472,2025-02-24,Nairobi,Phone,Omar,1,624.19,0.15,paid,
ORD-10473,2025-10-11,Cape Town,Laptop,Zainab,12,948.32,,pending,
ORD-10474,2025-05-25,Abuja,Phone,Wanjiru,11,565.54,,refunded,"gift wrap
second line"
ORD-10475,2025-08-09,Abuja,Laptop,Kofi,5,914.71,,paid,
ORD-10476,2025-08-15,Nairobi,Tablet,Omar,1,403.74,,paid,
ORD-10477,2025-07-19,Cape Town,Monitor,Tunde,5,231.98,,refunded,
ORD-10478,2025-03-03,Nairobi,Monitor,Tunde,7,231.07,,pending,
ORD-10479,2025-05-31,Cape Town,Monitor,Omar,5,228.35,,paid,
ORD-10480,2025-06-21,Cape Town,Monitor,Omar,8,209.39,0.18,paid,
ORD-10481,2025-03-15,Accra,Keyboard,Kofi,3,41.49,0.18,paid,
ORD-10482,2025-09-17,Cairo,Keyboard,Ada,2,46.61,,paid,
ORD-10483,2025-03-26,Cairo,Tablet,Kofi,6,396.86,,paid,
ORD-10484,2025-08-20,Abuja,Monitor,Zainab,5,247.16,,pending,
ORD-10485,2025-12-11,Lagos,Headphones,Ada,2,85.06,,paid,
ORD-10486,2025-01-03,Lagos,Tablet,Kofi,9,440.49,,paid,
ORD-10487,2025-05-18,Lagos,Keyboard,Tunde,3,40.89,,paid,
ORD-10488,2025-01-31,Abuja,Tablet,Tunde,8,374.34,,pending,
ORD-10489,2025-06-30,Lagos,Keyboard,Omar,10,44.83,0.02,paid,
ORD-10490,2025-08-21,Accra,Headphones,Thandi,11,81.82,0.15,paid,
ORD-10491,2025-01-13,Cape Town,Monitor,Thandi,12,225.10,,paid,
ORD-10492,2025-05-23,Nairobi,Laptop,Omar,10,1015.30,0.03,paid,
ORD-10493,2025-06-18,Cairo,Phone,Omar,7,643.36,,paid,
ORD-10494,2025-05-21,Cape Town,Phone,Tunde,4,679.77,,paid,
ORD-10495,2025-07-01,Lagos,Tablet,Tunde,4,374.63,,paid,
ORD-10496,2025-01-19,Lagos,Phone,Tunde,11,669.70,,paid,"  needs follow-up, ""urgent"" "
ORD-10497,2025-11-25,Cape Town,Tablet,Thandi,5,447.36,0.23,refunded,
ORD-10498,2025-03-10,Accra,Monitor,Tunde,4,228.48,,paid,
ORD-10499,2025-04-16,Cape Town,Monitor,Tunde,4,223.67,,refunded,
ORD-10500,2025-01-17,Abuja,Tablet,Wanjiru,7,441.04,,paid,
ORD-10501,2025-02-25,Lagos,Phone,Zainab,6,623.71,,refunded,
ORD-10502,2025-09-14,Cairo,Tablet,Tunde,2,448.01,,paid,
ORD-10503,2025-07-10,Cape Town,Laptop,Ada,4,1009.31,,paid,
ORD-10504,2025-07-15,Nairobi,Keyboard,Thandi,1,43.88,,paid,
ORD-10505,2025-03-19,Accra,Headphones,Zainab,10,85.79,0.25,pending,
ORD-10506,2025-06-12,Abuja,Laptop,Zainab,11,978.59,0.19,refunded,
ORD-10507,2025-02-14,Lagos,Phone,Kofi,4,675.65,0.20,paid,
ORD-10508,2025-08-29,Accra,Phone,Kofi,11,582.38,0.24,paid,
ORD-10509,2025-07-21,Accra,Keyboard,Omar,6,48.43,,paid,
ORD-10510,2025-07-23,Cairo,Laptop,Kofi,4,954.16,,paid,"gift wrap
second line"
ORD-10511,2025-05-30,Lagos,Laptop,Thandi,2,1024.88,,refunded,
ORD-10512,2025-07-12,Lagos,Headphones,Zainab,10,92.69,,paid,
ORD-10513,2025-08-29,Accra,Tablet,Ada,7,417.40,,paid,
ORD-10514,2025-09-13,Accra,Keyboard,Kofi,8,47.99,,paid,
ORD-10515,2025-05-03,Cairo,Tablet,Tunde,12,394.67,,paid,
ORD-10516,2025-03-25,Accra,Keyboard,Zainab,6,44.23,0.13,paid,
ORD-10517,2025-03-03,Cape Town,Tablet,Tunde,11,434.85,,pending,
ORD-10518,2025-03-20,Nairobi,Tablet,Omar,10,437.88,0.22,refunded,
ORD-10519,2025-12-06,Cape Town,Laptop,Thandi,4,1020.55,,paid,
ORD-10520,2025-07-03,Nairobi,Laptop,Omar,7,879.72,,pending,
ORD-10521,2025-07-21,Nairobi,Keyboard,Wanjiru,9,44.18,0.04,refunded,
ORD-10522,2025-01-21,Cairo,Monitor,Omar,12,245.41,,paid,
ORD-10523,2025-06-02,Accra,Keyboard,Kofi,3,41.89,,refunded,
ORD-10524,2025-10-29,Accra,Laptop,Kofi,7,1014.40,0.17,paid,
ORD-10525,2025-10-11,Nairobi,Keyboard,Thandi,11,43.92,,paid,
ORD-10526,2025-04-03,Nairobi,Headphones,Wanjiru,3,88.36,,paid,
ORD-10527,2025-08-14,Abuja,Laptop,Tunde,12,1002.28,0.04,paid,
ORD-10528,2025-08-07,Nairobi,Monitor,Thandi,4,237.14,,paid,
ORD-10529,2025-11-05,Nairobi,Headphones,Wanjiru,2,79.58,,paid,
ORD-10530,2025-01-22,Cairo,Tablet,Thandi,9,422.47,,pending,
ORD-10531,2025-07-31,Abuja,Monitor,Kofi,12,222.22,,refunded,
ORD-10532,2025-08-31,Nairobi,Monitor,Zainab,2,231.32,,paid,
ORD-10533,2025-09-12,Cairo,Laptop,Tunde,1,904.50,,paid,
ORD-10534,2025-05-11,Cape Town,Tablet,Thandi,1,418.38,,paid,
ORD-10535,2025-07-16,Cape Town,Tablet,Tunde,8,438.67,,refunded,
ORD-10536,2025-03-16,Cape Town,Laptop,Ada,9,994.38,0.03,paid,
ORD-10537,2025-12-16,Cape Town,Monitor,Omar,7,240.60,,refunded,
ORD-10538,2025-04-29,Cape Town,Laptop,Thandi,9,895.44,,paid,
ORD-10539,2025-01-19,Abuja,Keyboard,Tunde,3,46.69,,paid,
ORD-10540,2025-12-25,Cape Town,Headphones,Omar,5,80.74,,paid,
ORD-10541,2025-12-16,Abuja,Monitor,Ada,9,235.93,0.04,refunded,
ORD-10542,2025-11-28,Abuja,Monitor,Wanjiru,10,225.87,0.12,paid,
ORD-10543,2025-07-08,Cape Town,Headphones,Wanjiru,2,77.11,0.02,refunded,
ORD-10544,2025-12-03,Lagos,Headphones,Omar,12,88.26,0.22,paid,"  needs follow-up, ""urgent"" "
ORD-10545,2025-06-03,Abuja,Laptop,Zainab,6,884.68,,paid,
ORD-10546,2025-09-12,Cape Town,Keyboard,Wanjiru,10,44.51,0.12,paid,
ORD-10547,2025-11-05,Accra,Phone,Ada,1,608.08,0.07,paid,"  needs follow-up, ""urgent"" "
ORD-10548,2025-11-25,Nairobi,Monitor,Tunde,5,229.30,,pending,"gift wrap
second line"
ORD-10549,2025-07-25,Lagos,Monitor,Kofi,3,214.00,0.18,refunded,
ORD-10550,2025-04-05,Cairo,Headphones,Omar,3,92.04,,paid,
ORD-10551,2025-01-07,Cairo,Keyboard,Thandi,10,47.95,0.02,refunded,
ORD-10552,2025-05-17,Cairo,Headphones,Thandi,7,83.87,,paid,
ORD-10553,2025-10-07,Cairo,Laptop,Thandi,7,874.83,0.08,paid,
ORD-10554,2025-09-20,Abuja,Headphones,Wanjiru,5,78.79,0.17,paid,
ORD-10555,2025-09-17,Accra,Phone,Kofi,10,594.48,0.25,paid,
ORD-10556,2025-03-11,Lagos,Tablet,Kofi,9,429.22,0.18,pending,
ORD-10557,2025-02-20,Lagos,Keyboard,Tunde,5,41.44,,refunded,
ORD-10558,2025-12-19,Lagos,Headphones,Zainab,7,79.11,,paid,
ORD-10559,2025-09-14,Cape Town,Keyboard,Zainab,2,45.33,,refunded,
ORD-10560,2025-05-09,Abuja,Laptop,Omar,12,960.07,0.05,paid,
ORD-10561,2025-08-30,Accra,Laptop,Kofi,8,1028.06,,paid,
ORD-10562,2025-10-29,Nairobi,Laptop,Wanjiru,10,862.26,,paid,
ORD-10563,2025-11-09,Accra,Phone,Wanjiru,10,564.64,,pending,
ORD-10564,2025-04-02,Nairobi,Headphones,Thandi,5,78.24,,paid,
ORD-10565,2025-11-12,Cape Town,Tablet,Omar,7,434.28,,paid,"  needs follow-up, ""urgent"" "
ORD-10566,2025-09-19,Lagos,Keyboard,Wanjiru,12,47.42,0.05,paid,
ORD-10567,2025-10-10,Cape Town,Headphones,Wanjiru,7,86.64,0.01,paid,
ORD-10568,2025-02-08,Abuja,Phone,Omar,9,566.43,,paid,
ORD-10569,2025-03-06,Lagos,Keyboard,Thandi,3,45.39,0.08,paid,
ORD-10570,2025-09-22,Lagos,Headphones,Kofi,5,78.16,,refunded,
ORD-10571,2025-08-13,Accra,Phone,Omar,4,670.22,,pending,
ORD-10572,2025-06-06,Cape Town,Phone,Wanjiru,6,669.50,0.21,paid,
ORD-10573,2025-01-01,Cape Town,Monitor,Kofi,4,243.61,,paid,
ORD-10574,2025-03-20,Cape Town,Laptop,Zainab,5,993.10,0.06,pending,
ORD-10575,2025-10-04,Cape Town,Laptop,Wanjiru,3,925.39,,paid,
ORD-10576,2025-03-29,Lagos,Keyboard,Thandi,3,42.79,0.05,pending,
ORD-10577,2025-04-29,Cairo,Tablet,Thandi,8,422.41,0.23,pending,
ORD-10578,2025-03-09,Nairobi,Keyboard,Zainab,12,42.67,0.02,paid,
ORD-10579,2025-04-24,Accra,Phone,Wanjiru,8,627.27,0.11,refunded,
ORD-10580,2025-09-14,Cairo,Laptop,Omar,9,869.07,,pending,
ORD-10581,2025-08-31,Cairo,Headphones,Thandi,12,86.37,,paid,
ORD-10582,2025-02-16,Accra,Tablet,Wanjiru,12,375.74,,refunded,
ORD-10583,2025-06-11,Cairo,Monitor,Tunde,2,243.64,,pending,
ORD-10584,2025-06-06,Nairobi,Tablet,Tunde,5,399.33,,paid,"gift wrap
second line"
ORD-10585,2025-04-24,Cape Town,Tablet,Zainab,10,380.52,,paid,
ORD-10586,2025-07-01,Cape Town,Tablet,Tunde,6,437.23,0.18,refunded,
ORD-10587,2025-08-16,Cape Town,Tablet,Omar,9,408.52,,pending,
ORD-10588,2025-01-01,Cairo,Tablet,Kofi,5,409.30,0.19,paid,"  needs follow-up, ""urgent"" "
ORD-10589,2025-09-11,Cape Town,Keyboard,Ada,1,45.90,,paid,
ORD-10590,2025-07-31,Accra,Headphones,Kofi,3,86.54,,paid,
ORD-10591,2025-09-14,Nairobi,Tablet,Omar,7,402.86,,paid,
ORD-10592,2025-03-26,Nairobi,Laptop,Zainab,1,933.11,,paid,
ORD-10593,2025-03-06,Cape Town,Headphones,Zainab,5,87.03,,paid,
ORD-10594,2025-09-14,Nairobi,Phone,Omar,8,560.27,,pending,
ORD-10595,2025-04-11,Cairo,Laptop,Tunde,7,991.98,,paid,
ORD-10596,2025-10-27,Lagos,Headphones,Thandi,1,88.48,,pending,
ORD-10597,2025-07-12,Lagos,Tablet,Tunde,9,385.08,,paid,
ORD-10598,2025-10-09,Cape Town,Phone,Wanjiru,12,593.28,0.15,paid,
ORD-10599,2025-08-13,Nairobi,Keyboard,Wanjiru,6,47.30,,paid,
ORD-10600,2025-07-03,Cape Town,Monitor,Omar,1,246.89,0.17,pending,"gift wrap
second line"
ORD-10601,2025-07-27,Cape Town,Keyboard,Ada,6,41.15,,pending,
ORD-10602,2025-02-21,Nairobi,Headphones,Kofi,11,92.54,,paid,
ORD-10603,2025-06-10,Lagos,Headphones,Zainab,4,92.97,,paid,
ORD-10604,2025-10-22,Cairo,Headphones,Ada,5,85.30,,paid,"gift wrap
second line"
ORD-10605,2025-09-01,Cairo,Laptop,Tunde,8,926.36,,paid,
ORD-10606,2025-06-23,Cairo,Laptop,Kofi,8,912.60,0.03,paid,
ORD-10607,2025-10-25,Accra,Headphones,Tunde,7,90.73,,paid,
ORD-10608,2025-04-02,Accra,Laptop,Omar,8,988.49,,refunded,
ORD-10609,2025-10-05,Lagos,Tablet,Kofi,2,397.78,,paid,
ORD-10610,2025-12-15,Accra,Phone,Wanjiru,7,637.17,0.06,paid,
ORD-10611,2025-12-23,Nairobi,Laptop,Kofi,2,917.27,0.09,refunded,
ORD-10612,2025-05-10,Nairobi,Headphones,Kofi,5,91.15,,paid,
ORD-10613,2025-01-10,Lagos,Keyboard,Omar,2,40.86,0.17,pending,
ORD-10614,2025-09-27,Cape Town,Headphones,Wanjiru,3,90.24,0.25,refunded,
ORD-10615,2025-03-07,Nairobi,Tablet,Wanjiru,5,392.38,,paid,
ORD-10616,2025-02-14,Cape Town,Tablet,Kofi,6,419.49,0.08,paid,
ORD-10617,2025-12-27,Lagos,Headphones,Tunde,4,85.64,,paid,
ORD-10618,2025-05-06,Lagos,Laptop,Zainab,2,895.34,,paid,
ORD-10619,2025-07-11,Accra,Keyboard,Thandi,10,41.33,,paid,
ORD-10620,2025-03-28,Lagos,Tablet,Omar,5,403.71,,paid,
ORD-10621,2025-08-01,Accra,Phone,Tunde,6,650.68,,paid,
ORD-10622,2025-10-16,Cape Town,Tablet,Omar,4,444.98,0.16,paid,
ORD-10623,2025-04-28,Abuja,Laptop,Ada,9,861.13,,paid,
ORD-10624,2025-10-18,Accra,Headphones,Tunde,6,91.57,0.24,paid,
ORD-10625,2025-11-07,Abuja,Monitor,Zainab,11,230.23,,paid,
ORD-10626,2025-05-27,Nairobi,Keyboard,Omar,10,45.84,,paid,
ORD-10627,2025-11-20,Cairo,Monitor,Wanjiru,9,245.40,0.05,paid,"gift wrap
second line"
ORD-10628,2025-05-01,Nairobi,Laptop,Omar,6,955.20,,paid,
ORD-10629,2025-07-23,Cape Town,Monitor,Ada,6,217.46,,paid,
ORD-10630,2025-07-04,Lagos,Keyboard,Ada,10,47.58,,pending,
ORD-10631,2025-10-04,Accra,Monitor,Tunde,11,227.09,,pending,
ORD-10632,2025-07-05,Lagos,Monitor,Ada,4,233.92,,paid,
ORD-10633,2025-06-06,Abuja,Tablet,Kofi,10,378.45,,pending,
ORD-10634,2025-04-18,Cairo,Headphones,Omar,4,90.26,0.24,paid,
ORD-10635,2025-10-15,Abuja,Tablet,Omar,8,406.56,,paid,
ORD-10636,2025-05-20,Accra,Headphones,Omar,12,85.35,0.15,refunded,
ORD-10637,2025-05-03,Abuja,Tablet,Tunde,9,404.72,0.11,refunded,
ORD-10638,2025-09-29,Accra,Phone,Kofi,10,646.51,0.22,pending,
ORD-10639,2025-09-19,Cape Town,Tablet,Tunde,5,409.55,,refunded,
ORD-10640,2025-08-04,Accra,Headphones,Tunde,7,85.62,,paid,"gift wrap
second line"
ORD-10641,2025-11-12,Cairo,Laptop,Ada,6,947.88,0.11,refunded,
ORD-10642,2025-07-02,Cairo,Keyboard,Ada,9,47.50,,pending,"  needs follow-up, ""urgent"" "
ORD-10643,2025-04-30,Nairobi,Headphones,Tunde,12,92.62,,paid,
ORD-10644,2025-08-17,Abuja,Laptop,Omar,9,1043.68,,paid,
ORD-10645,2025-08-24,Cairo,Laptop,Wanjiru,5,882.93,,paid,
ORD-10646,2025-05-23,Cairo,Phone,Tunde,4,571.47,0.23,paid,
ORD-10647,2025-09-08,Cape Town,Phone,Omar,7,664.53,,paid,
ORD-10648,2025-08-17,Lagos,Keyboard,Wanjiru,7,45.55,,paid,
ORD-10649,2025-06-22,Cairo,Phone,Thandi,5,571.28,0.04,paid,
ORD-10650,2025-02-25,Accra,Phone,Kofi,6,658.64,0.25,paid,
ORD-10651,2025-03-24,Lagos,Headphones,Wanjiru,3,88.09,,pending,
ORD-10652,2025-07-10,Cape Town,Laptop,Ada,8,1035.92,,paid,
ORD-10653,2025-02-16,Accra,Laptop,Kofi,5,1032.25,0.03,paid,
ORD-10654,2025-04-11,Cape Town,Monitor,Omar,12,210.73,,refunded,
ORD-10655,2025-06-05,Nairobi,Keyboard,Thandi,8,42.68,,paid,
ORD-10656,2025-02-22,Cairo,Laptop,Thandi,4,979.32,,paid,
ORD-10657,2025-02-02,Abuja,Laptop,Thandi,1,922.53,,refunded,
ORD-10658,2025-04-23,Cape Town,Monitor,Zainab,4,219.21,,paid,
ORD-10659,2025-03-12,Cape Town,Tablet,Tunde,8,396.49,,paid,
ORD-10660,2025-11-11,Abuja,Keyboard,Kofi,2,48.04,,refunded,
ORD-10661,2025-07-18,Accra,Headphones,Tunde,1,90.78,0.04,refunded,
ORD-10662,2025-07-31,Lagos,Keyboard,Omar,8,44.51,,paid,
ORD-10663,2025-05-31,Abuja,Phone,Kofi,7,670.21,0.03,refunded,
ORD-10664,2025-12-31,Cape Town,Keyboard,Tunde,6,42.87,,paid,
ORD-10665,2025-06-01,Abuja,Laptop,Wanjiru,5,914.32,,pending,
ORD-10666,2025-02-17,Cairo,Headphones,Omar,3,80.51,,paid,
ORD-10667,2025-02-21,Abuja,Phone,Zainab,12,562.97,0.25,paid,
ORD-10668,2025-10-11,Lagos,Laptop,Ada,1,1044.33,,pending,
ORD-10669,2025-08-17,Nairobi,Laptop,Omar,6,934.46,,paid,
ORD-10670,2025-07-17,Lagos,Monitor,Wanjiru,3,232.91,,paid,
ORD-10671,2025-06-20,Nairobi,Phone,Ada,3,646.29,,refunded,"gift wrap
second line"
ORD-10672,2025-07-18,Cairo,Keyboard,Tunde,1,45.52,0.22,paid,
ORD-10673,2025-11-04,Abuja,Monitor,Ada,8,232.19,,paid,
ORD-10674,2025-11-28,Accra,Keyboard,Zainab,5,40.98,0.04,paid,"  needs follow-up, ""urgent"" "
ORD-10675,2025-12-14,Accra,Tablet,Thandi,8,431.27,,refunded,
ORD-10676,2025-11-24,Cape Town,Laptop,Omar,10,1012.50,,paid,
ORD-10677,2025-03-08,Accra,Monitor,Omar,1,212.98,0.13,pending,
ORD-10678,2025-10-25,Cairo,Laptop,Ada,3,960.34,,paid,
ORD-10679,2025-06-07,Nairobi,Tablet,Wanjiru,9,407.80,,refunded,
ORD-10680,2025-04-05,Abuja,Phone,Thandi,1,589.20,,pending,
ORD-10681,2025-10-29,Nairobi,Phone,Tunde,9,619.95,0.22,paid,
ORD-10682,2025-02-06,Abuja,Monitor,Zainab,6,228.63,,paid,
ORD-10683,2025-07-02,Nairobi,Laptop,Kofi,4,969.37,0.19,paid,"  needs follow-up, ""urgent"" "
ORD-10684,2025-07-26,Abuja,Headphones,Kofi,6,79.30,,paid,
ORD-10685,2025-11-04,Nairobi,Tablet,Ada,5,441.06,,pending,"gift wrap
second line"
ORD-10686,2025-03-10,Accra,Laptop,Ada,7,915.14,,paid,
ORD-10687,2025-10-12,Cape Town,Headphones,Kofi,6,91.67,,paid,
ORD-10688,2025-11-08,Lagos,Laptop,Zainab,11,939.14,,paid,
ORD-10689,2025-07-13,Nairobi,Keyboard,Thandi,1,46.20,,pending,"  needs follow-up, ""urgent"" "
ORD-10690,2025-02-28,Nairobi,Tablet,Kofi,1,437.88,,paid,
ORD-10691,2025-01-15,Accra,Phone,Omar,1,634.86,,paid,
ORD-10692,2025-06-06,Cape Town,Tablet,Ada,9,392.58,,refunded,
ORD-10693,2025-10-03,Abuja,Headphones,Thandi,1,83.65,,paid,"  needs follow-up, ""urgent"" "
ORD-10694,2025-06-26,Nairobi,Tablet,Zainab,2,410.29,,paid,
ORD-10695,2025-09-17,Accra,Laptop,Thandi,11,961.44,,paid,
ORD-10696,2025-11-30,Cape Town,Phone,Wanjiru,7,571.90,,refunded,
ORD-10697,2025-06-17,Abuja,Laptop,Kofi,1,1036.77,0.14,pending,
ORD-10698,2025-11-27,Lagos,Headphones,Thandi,7,87.40,,paid,
ORD-10699,2025-08-06,Cairo,Tablet,Zainab,1,370.45,,paid,
ORD-10700,2025-03-24,Cairo,Phone,Thandi,4,644.50,0.22,paid,
ORD-10701,2025-10-18,Cairo,Keyboard,Zainab,3,46.64,,paid,
ORD-10702,2025-02-19,Cape Town,Keyboard,Wanjiru,5,46.66,,paid,
ORD-10703,2025-06-04,Lagos,Headphones,Zainab,1,78.12,0.13,pending,
ORD-10704,2025-02-07,Nairobi,Keyboard,Kofi,8,44.50,,paid,
ORD-10705,2025-09-12,Nairobi,Headphones,Tunde,8,80.80,,paid,
ORD-10706,2025-02-13,Nairobi,Laptop,Wanjiru,9,1022.18,,paid,
ORD-10707,2025-12-25,Lagos,Monitor,Thandi,12,216.48,,paid,
ORD-10708,2025-11-26,Nairobi,Keyboard,Thandi,6,45.09,0.23,paid,
ORD-10709,2025-02-20,Cairo,Headphones,Wanjiru,12,86.46,,paid,
ORD-10710,2025-04-03,Accra,Headphones,Wanjiru,4,86.36,,paid,
ORD-10711,2025-09-13,Accra,Headphones,Thandi,8,93.37,0.20,refunded,
ORD-10712,2025-09-21,Cape Town,Phone,Tunde,11,584.50,,paid,"  needs follow-up, ""urgent"" "
ORD-10713,2025-01-30,Abuja,Keyboard,Ada,12,41.13,,paid,
ORD-10714,2025-02-05,Lagos,Headphones,Tunde,4,80.57,0.16,paid,
ORD-10715,2025-08-14,Cairo,Laptop,Tunde,10,931.85,,paid,
ORD-10716,2025-10-21,Accra,Tablet,Ada,10,390.75,,refunded,
ORD-10717,2025-08-07,Abuja,Keyboard,Zainab,7,43.12,0.23,paid,
ORD-10718,2025-03-06,Lagos,Laptop,Omar,9,921.71,0.13,refunded,
ORD-10719,2025-10-27,Nairobi,Phone,Zainab,2,630.81,0.04,paid,
ORD-10720,2025-02-09,Nairobi,Keyboard,Thandi,3,43.31,,refunded,
ORD-10721,2025-06-26,Lagos,Laptop,Thandi,9,881.61,0.14,paid,
ORD-10722,2025-11-27,Cairo,Tablet,Wanjiru,11,390.40,0.05,paid,
ORD-10723,2025-11-07,Nairobi,Monitor,Wanjiru,12,237.86,,refunded,
ORD-10724,2025-10-23,Lagos,Keyboard,Tunde,3,44.97,,paid,
ORD-10725,2025-07-23,Cairo,Keyboard,Tunde,2,41.40,,paid,
ORD-10726,2025-01-01,Cape Town,Headphones,Ada,11,83.70,,pending,
ORD-10727,2025-12-30,Accra,Monitor,Tunde,4,224.07,0.15,paid,
ORD-10728,2025-12-22,Accra,Tablet,Wanjiru,1,412.67,,refunded,
ORD-10729,2025-11-07,Lagos,Keyboard,Ada,7,46.00,,paid,
ORD-10730,2025-01-31,Cape Town,Monitor,Zainab,7,239.66,,refunded,
ORD-10731,2025-04-25,Abuja,Keyboard,Thandi,8,44.55,,pending,
ORD-10732,2025-12-06,Accra,Tablet,Ada,12,446.95,,paid,"  needs follow-up, ""urgent"" "
ORD-10733,2025-09-13,Cape Town,Phone,Kofi,11,611.48,,refunded,
ORD-10734,2025-10-27,Cape Town,Laptop,Tunde,2,1013.41,,refunded,
ORD-10735,2025-11-14,Nairobi,Monitor,Wanjiru,11,217.40,,pending,
ORD-10736,2025-12-10,Cairo,Monitor,Kofi,2,240.87,,paid,
ORD-10737,2025-08-22,Cairo,Headphones,Wanjiru,3,91.20,0.05,paid,
ORD-10738,2025-02-07,Nairobi,Laptop,Kofi,2,1033.96,,paid,
ORD-10739,2025-11-08,Cape Town,Phone,Kofi,1,611.91,,paid,
ORD-10740,2025-03-22,Cairo,Headphones,Omar,5,76.54,,paid,
ORD-10741,2025-05-23,Lagos,Phone,Zainab,6,644.42,,paid,
ORD-10742,2025-05-14,Cairo,Laptop,Thandi,4,1041.91,0.09,paid,
ORD-10743,2025-10-04,Cape Town,Keyboard,Thandi,4,46.19,,refunded,
ORD-10744,2025-11-29,Cairo,Monitor,Tunde,12,215.14,,refunded,"gift wrap
second line"
ORD-10745,2025-07-23,Cairo,Phone,Thandi,7,626.49,,paid,
ORD-10746,2025-03-12,Nairobi,Tablet,Omar,10,372.07,,refunded,
ORD-10747,2025-01-03,Accra,Tablet,Omar,12,377.26,0.20,refunded,
ORD-10748,2025-12-06,Lagos,Keyboard,Kofi,8,40.89,,paid,
ORD-10749,2025-12-31,Accra,Keyboard,Thandi,5,42.94,0.09,paid,
ORD-10750,2025-03-01,Lagos,Laptop,Tunde,3,1043.06,,paid,
ORD-10751,2025-12-05,Lagos,Phone,Kofi,8,567.02,,paid,
ORD-10752,2025-04-26,Cape Town,Keyboard,Tunde,9,45.99,,pending,
ORD-10753,2025-02-17,Abuja,Tablet,Omar,10,398.83,,paid,
ORD-10754,2025-02-05,Lagos,Monitor,Kofi,8,221.70,,paid,
ORD-10755,2025-03-07,Abuja,Phone,Zainab,7,598.75,0.08,paid,
ORD-10756,2025-11-18,Abuja,Headphones,Wanjiru,5,88.38,,refunded,
ORD-10757,2025-08-28,Cairo,Headphones,Wanjiru,5,79.44,,refunded,
ORD-10758,2025-12-09,Abuja,Tablet,Tunde,7,388.99,,paid,
ORD-10759,2025-12-08,Abuja,Monitor,Wanjiru,10,218.63,0.07,paid,
ORD-10760,2025-01-22,Abuja,Monitor,Thandi,1,249.14,,paid,
ORD-10761,2025-01-22,Nairobi,Keyboard,Omar,4,45.70,,refunded,
ORD-10762,2025-07-04,Lagos,Phone,Zainab,11,621.29,,paid,
ORD-10763,2025-12-06,Lagos,Keyboard,Ada,9,47.42,,pending,
ORD-10764,2025-05-29,Nairobi,Keyboard,Wanjiru,2,46.12,,paid,
ORD-10765,2025-11-14,Lagos,Headphones,Ada,6,88.96,0.03,paid,
ORD-10766,2025-09-22,Cape Town,Keyboard,Thandi,5,45.41,,paid,
ORD-10767,2025-11-22,Cape Town,Phone,Tunde,10,665.15,,pending,
ORD-10768,2025-08-23,Cairo,Laptop,Wanjiru,7,923.59,,paid,
ORD-10769,2025-10-01,Cairo,Tablet,Kofi,3,414.59,,refunded,
ORD-10770,2025-04-18,Lagos,Laptop,Kofi,11,981.87,,paid,
ORD-10771,2025-02-11,Cape Town,Phone,Wanjiru,3,647.64,0.03,paid,
ORD-10772,2025-09-03,Cape Town,Laptop,Ada,2,984.43,,paid,
ORD-10773,2025-12-08,Abuja,Headphones,Wanjiru,8,78.66,0.13,paid,
ORD-10774,2025-08-15,Accra,Tablet,Tunde,6,424.43,,paid,
ORD-10775,2025-08-11,Cairo,Monitor,Tunde,11,245.79,,paid,
ORD-10776,2025-07-15,Lagos,Tablet,Omar,12,403.92,0.02,pending,
ORD-10777,2025-07-12,Nairobi,Keyboard,Omar,2,43.11,0.04,paid,
ORD-10778,2025-03-13,Cairo,Tablet,Omar,2,391.32,,paid,
ORD-10779,2025-11-09,Abuja,Laptop,Omar,6,855.91,,paid,
ORD-10780,2025-02-20,Cape Town,Keyboard,Wanjiru,12,45.53,,paid,
ORD-10781,2025-09-30,Nairobi,Monitor,Omar,5,237.93,,paid,"gift wrap
second line"
ORD-10782,2025-04-03,Lagos,Headphones,Omar,5,81.22,,paid,
ORD-10783,2025-08-06,Cape Town,Laptop,Kofi,1,952.45,0.14,paid,
ORD-10784,2025-02-10,Nairobi,Keyboard,Wanjiru,1,45.36,0.10,paid,
ORD-10785,2025-07-28,Abuja,Phone,Tunde,3,642.37,0.13,paid,
ORD-10786,2025-04-15,Accra,Laptop,Omar,2,979.88,,paid,
ORD-10787,2025-11-08,Cairo,Keyboard,Ada,9,47.98,0.14,paid,
ORD-10788,2025-08-20,Cape Town,Tablet,Ada,5,373.13,0.20,paid,
ORD-10789,2025-02-17,Cairo,Headphones,Omar,1,80.59,,paid,
ORD-10790,2025-07-12,Accra,Keyboard,Thandi,12,46.19,,paid,
ORD-10791,2025-03-23,Abuja,Phone,Wanjiru,9,609.87,0.01,paid,
ORD-10792,2025-12-12,Accra,Headphones,Tunde,4,85.45,,paid,
ORD-10793,2025-03-10,Nairobi,Laptop,Zainab,11,991.46,,refunded,
ORD-10794,2025-10-03,Nairobi,Laptop,Omar,12,898.20,,refunded,
ORD-10795,2025-12-18,Accra,Laptop,Thandi,2,975.71,,paid,
ORD-10796,2025-02-23,Cairo,Phone,Thandi,10,584.41,,paid,
ORD-10797,2025-07-19,Lagos,Laptop,Ada,4,883.40,0.20,paid,
ORD-10798,2025-03-22,Cape Town,Tablet,Wanjiru,4,405.53,,refunded,
ORD-10799,2025-12-25,Abuja,Keyboard,Omar,4,43.31,0.10,refunded,
ORD-10800,2025-01-08,Cairo,Headphones,Tunde,5,91.26,0.01,pending,
ORD-10801,2025-04-18,Nairobi,Tablet,Tunde,3,441.91,,paid,
ORD-10802,2025-05-05,Cape Town,Monitor,Kofi,3,244.75,,paid,
ORD-10803,2025-04-20,Cape Town,Headphones,Kofi,10,77.95,,paid,"gift wrap
second line"
ORD-10804,2025-02-21,Cairo,Phone,Kofi,11,628.82,,paid,"  needs follow-up, ""urgent"" "
ORD-10805,2025-08-14,Accra,Laptop,Omar,6,857.18,0.23,paid,
ORD-10806,2025-09-15,Lagos,Keyboard,Kofi,9,41.14,0.17,paid,
ORD-10807,2025-03-29,Cairo,Tablet,Wanjiru,1,369.25,0.05,paid,"  needs follow-up, ""urgent"" "
ORD-10808,2025-01-02,Cairo,Tablet,Tunde,5,443.25,,pending,
ORD-10809,2025-08-28,Lagos,Phone,Ada,5,646.89,0.04,pending,
ORD-10810,2025-06-30,Abuja,Laptop,Kofi,8,930.52,,paid,
ORD-10811,2025-06-27,Lagos,Laptop,Thandi,5,897.15,0.12,refunded,
ORD-10812,2025-04-25,Abuja,Laptop,Zainab,4,1023.94,0.17,pending,
ORD-10813,2025-01-24,Accra,Phone,Thandi,1,588.95,,refunded,
ORD-10814,2025-06-17,Lagos,Laptop,Tunde,4,883.41,0.23,refunded,
ORD-10815,2025-03-23,Cape Town,Keyboard,Kofi,2,45.21,,paid,
ORD-10816,2025-04-21,Nairobi,Monitor,Thandi,10,218.39,0.24,paid,
ORD-10817,2025-03-03,Accra,Phone,Kofi,6,674.49,,paid,
ORD-10818,2025-07-22,Lagos,Tablet,Tunde,3,449.84,0.08,paid,"  needs follow-up, ""urgent"" "
ORD-10819,2025-02-06,Cairo,Monitor,Omar,8,214.23,,paid,
ORD-10820,2025-08-22,Cairo,Keyboard,Omar,8,48.02,,paid,
ORD-10821,2025-03-27,Accra,Monitor,Thandi,7,232.69,,refunded,
ORD-10822,2025-09-14,Cairo,Monitor,Omar,11,239.83,,paid,
ORD-10823,2025-08-05,Cairo,Laptop,Thandi,7,946.43,0.12,refunded,"gift wrap
second line"
ORD-10824,2025-12-04,Abuja,Keyboard,Thandi,7,47.19,0.02,refunded,"  needs follow-up, ""urgent"" "
ORD-10825,2025-03-27,Cairo,Phone,Wanjiru,9,582.64,,paid,
ORD-10826,2025-07-27,Accra,Monitor,Kofi,5,246.52,,paid,"gift wrap
second line"
ORD-10827,2025-05-05,Abuja,Keyboard,Tunde,2,44.48,,refunded,
ORD-10828,2025-05-19,Nairobi,Laptop,Tunde,3,958.71,,pending,
ORD-10829,2025-10-28,Nairobi,Phone,Tunde,2,581.42,,paid,
ORD-10830,2025-08-06,Cairo,Headphones,Kofi,4,86.29,,pending,
ORD-10831,2025-12-06,Nairobi,Phone,Kofi,11,606.99,,pending,
ORD-10832,2025-03-19,Nairobi,Headphones,Zainab,10,91.46,,paid,
ORD-10833,2025-08-09,Cape Town,Monitor,Tunde,11,242.81,,paid,
ORD-10834,2025-02-23,Cairo,Phone,Omar,6,614.69,,paid,
ORD-10835,2025-04-03,Lagos,Keyboard,Tunde,1,41.62,,pending,
ORD-10836,2025-10-02,Cairo,Keyboard,Tunde,5,40.92,,paid,"gift wrap
second line"
ORD-10837,2025-12-14,Abuja,Phone,Ada,1,670.75,,refunded,
ORD-10838,2025-03-27,Cairo,Headphones,Thandi,3,90.56,,paid,
ORD-10839,2025-03-04,Cape Town,Laptop,Zainab,10,923.01,,refunded,
ORD-10840,2025-02-03,Nairobi,Laptop,Tunde,3,931.54,0.08,pending,
ORD-10841,2025-03-06,Cairo,Keyboard,Ada,12,49.17,,paid,
ORD-10842,2025-12-06,Abuja,Phone,Wanjiru,6,659.89,,refunded,
ORD-10843,2025-06-24,Abuja,Laptop,Ada,12,861.67,,refunded,
ORD-10844,2025-12-19,Lagos,Phone,Tunde,4,669.68,,paid,
ORD-10845,2025-03-29,Cape Town,Monitor,Tunde,10,230.77,0.05,pending,
ORD-10846,2025-10-01,Abuja,Keyboard,Tunde,11,42.52,,paid,"gift wrap
second line"
ORD-10847,2025-08-22,Cairo,Keyboard,Kofi,11,48.73,0.23,pending,
ORD-10848,2025-02-14,Accra,Tablet,Wanjiru,10,388.08,,paid,
ORD-10849,2025-06-06,Abuja,Keyboard,Tunde,10,45.44,0.14,pending,
ORD-10850,2025-10-04,Abuja,Keyboard,Ada,9,45.32,,paid,
ORD-10851,2025-04-02,Lagos,Laptop,Zainab,5,890.09,,paid,
ORD-10852,2025-12-17,Lagos,Monitor,Kofi,3,223.45,,refunded,
ORD-10853,2025-04-13,Cape Town,Keyboard,Kofi,7,43.99,,pending,
ORD-10854,2025-12-27,Accra,Monitor,Zainab,12,247.57,,paid,"  needs follow-up, ""urgent"" "
ORD-10855,2025-05-02,Accra,Phone,Thandi,7,608.15,,paid,
ORD-10856,2025-10-13,Accra,Phone,Ada,3,663.88,,paid,
ORD-10857,2025-03-10,Accra,Keyboard,Wanjiru,12,46.10,0.03,paid,
ORD-10858,2025-02-24,Nairobi,Keyboard,Ada,2,48.54,,paid,
ORD-10859,2025-03-23,Cape Town,Monitor,Ada,12,231.49,,paid,
ORD-10860,2025-09-07,Abuja,Tablet,Tunde,10,434.43,,paid,
ORD-10861,2025-12-02,Abuja,Keyboard,Wanjiru,12,49.25,,paid,
ORD-10862,2025-11-25,Lagos,Keyboard,Tunde,12,43.08,,paid,
ORD-10863,2025-03-23,Nairobi,Phone,Thandi,10,653.07,,refunded,
ORD-10864,2025-10-14,Nairobi,Laptop,Tunde,6,968.91,,pending,
ORD-10865,2025-09-26,Nairobi,Tablet,Tunde,7,424.69,0.12,paid,
ORD-10866,2025-01-21,Cairo,Tablet,Omar,12,429.60,0.10,pending,
ORD-10867,2025-11-10,Nairobi,Keyboard,Zainab,7,47.83,0.21,paid,
ORD-10868,2025-08-06,Nairobi,Monitor,Omar,2,209.79,,paid,
ORD-10869,2025-09-04,Accra,Laptop,Tunde,8,902.55,,paid,
ORD-10870,2025-03-15,Cape Town,Phone,Zainab,9,580.97,,refunded,
ORD-10871,2025-03-03,Cairo,Phone,Tunde,8,666.25,,paid,
ORD-10872,2025-03-29,Cape Town,Tablet,Wanjiru,6,383.45,0.25,refunded,
ORD-10873,2025-04-02,Nairobi,Keyboard,Zainab,8,40.51,,paid,
ORD-10874,2025-05-21,Cape Town,Headphones,Thandi,4,83.48,0.22,refunded,
ORD-10875,2025-11-24,Abuja,Laptop,Ada,11,885.67,,paid,
ORD-10876,2025-07-07,Cairo,Phone,Zainab,9,672.68,0.22,paid,
ORD-10877,2025-10-14,Accra,Laptop,Kofi,5,893.76,,pending,
ORD-10878,2025-09-11,Accra,Laptop,Tunde,1,887.38,,paid,
ORD-10879,2025-02-06,Abuja,Tablet,Kofi,2,384.81,0.22,refunded,
ORD-10880,2025-04-27,Abuja,Monitor,Zainab,7,222.84,,pending,"  needs follow-up, ""urgent"" "
ORD-10881,2025-11-09,Nairobi,Tablet,Omar,7,400.48,,refunded,"  needs follow-up, ""urgent"" "
ORD-10882,2025-03-23,Abuja,Keyboard,Zainab,12,46.62,,pending,
ORD-10883,2025-04-05,Abuja,Phone,Omar,11,643.86,0.04,refunded,
ORD-10884,2025-07-09,Lagos,Headphones,Zainab,12,86.81,0.05,paid,
ORD-10885,2025-09-10,Nairobi,Keyboard,Zainab,2,46.70,,pending,
ORD-10886,2025-06-30,Cairo,Tablet,Omar,9,394.40,,paid,
ORD-10887,2025-02-17,Nairobi,Monitor,Thandi,12,233.62,,refunded,
ORD-10888,2025-10-18,Accra,Laptop,Zainab,9,987.27,,paid,
ORD-10889,2025-09-16,Accra,Laptop,Zainab,1,892.36,0.11,pending,
ORD-10890,2025-02-16,Cairo,Tablet,Omar,4,375.99,0.08,paid,
ORD-10891,2025-08-23,Cape Town,Laptop,Ada,12,903.75,0.00,refunded,
ORD-10892,2025-08-15,Lagos,Headphones,Thandi,4,88.72,0.25,paid,"  needs follow-up, ""urgent"" "
ORD-10893,2025-12-28,Cairo,Keyboard,Wanjiru,4,43.47,0.09,refunded,
ORD-10894,2025-08-31,Nairobi,Laptop,Thandi,10,933.27,0.12,paid,
ORD-10895,2025-04-12,Lagos,Headphones,Thandi,12,90.72,,paid,
ORD-10896,2025-06-07,Accra,Laptop,Tunde,2,913.55,0.21,paid,
ORD-10897,2025-04-28,Accra,Tablet,Tunde,12,443.68,,paid,"  needs follow-up, ""urgent"" "
ORD-10898,2025-09-06,Cairo,Monitor,Thandi,9,222.83,,refunded,
ORD-10899,2025-04-11,Lagos,Laptop,Tunde,9,988.32,,pending,
ORD-10900,2025-12-23,Lagos,Monitor,Kofi,3,232.62,0.14,pending,
ORD-10901,2025-09-08,Abuja,Phone,Tunde,3,679.67,,pending,
ORD-10902,2025-08-02,Abuja,Phone,Zainab,6,576.25,,paid,
ORD-10903,2025-03-11,Accra,Laptop,Ada,6,939.93,0.20,paid,
ORD-10904,2025-10-07,Cairo,Monitor,Kofi,2,228.29,0.21,refunded,
ORD-10905,2025-05-25,Accra,Tablet,Kofi,2,411.48,,paid,"  needs follow-up, ""urgent"" "
ORD-10906,2025-01-24,Nairobi,Phone,Tunde,2,631.05,,paid,
ORD-10907,2025-05-10,Nairobi,Phone,Tunde,12,677.14,,paid,
ORD-10908,2025-12-12,Lagos,Monitor,Thandi,6,222.65,,paid,
ORD-10909,2025-03-08,Lagos,Tablet,Omar,6,436.24,,pending,
ORD-10910,2025-04-25,Cape Town,Tablet,Tunde,11,425.26,,refunded,
ORD-10911,2025-11-03,Accra,Monitor,Zainab,10,224.23,,paid,
ORD-10912,2025-12-04,Accra,Phone,Wanjiru,2,648.49,,paid,
ORD-10913,2025-10-07,Abuja,Headphones,Wanjiru,1,85.12,,paid,
ORD-10914,2025-11-28,Cape Town,Laptop,Kofi,10,998.94,,refunded,
ORD-10915,2025-01-26,Abuja,Phone,Wanjiru,6,628.29,,paid,
ORD-10916,2025-01-12,Nairobi,Phone,Tunde,4,642.36,0.23,pending,"  needs follow-up, ""urgent"" "
ORD-10917,2025-01-16,Abuja,Tablet,Omar,4,447.53,0.03,pending,
ORD-10918,2025-02-20,Cairo,Laptop,Wanjiru,6,915.82,,refunded,
ORD-10919,2025-06-24,Lagos,Tablet,Kofi,11,436.76,,pending,
ORD-10920,2025-10-22,Lagos,Tablet,Tunde,9,419.36,,pending,
ORD-10921,2025-07-18,Lagos,Monitor,Tunde,3,249.31,,refunded,
ORD-10922,2025-04-22,Accra,Phone,Kofi,1,619.36,,refunded,
ORD-10923,2025-12-02,Accra,Tablet,Tunde,12,410.37,,paid,
ORD-10924,2025-04-18,Cape Town,Headphones,Ada,8,86.15,0.07,paid,
ORD-10925,2025-10-19,Cape Town,Tablet,Kofi,7,423.16,,refunded,
ORD-10926,2025-12-12,Nairobi,Keyboard,Wanjiru,10,42.96,0.08,pending,
ORD-10927,2025-11-07,Lagos,Headphones,Wanjiru,2,85.81,,pending,
ORD-10928,2025-09-08,Accra,Monitor,Thandi,10,226.73,,paid,
ORD-10929,2025-03-29,Accra,Monitor,Wanjiru,10,213.12,0.24,pending,
ORD-10930,2025-01-14,Cape Town,Headphones,Wanjiru,8,88.01,,pending,
ORD-10931,2025-12-19,Accra,Keyboard,Ada,10,40.62,0.02,refunded,"  needs follow-up, ""urgent"" "
ORD-10932,2025-04-05,Accra,Laptop,Omar,8,988.96,,refunded,
ORD-10933,2025-08-03,Abuja,Monitor,Kofi,1,214.78,,pending,
ORD-10934,2025-03-23,Abuja,Keyboard,Ada,7,47.82,,refunded,
ORD-10935,2025-12-09,Lagos,Phone,Wanjiru,4,656.15,,pending,
ORD-10936,2025-03-19,Abuja,Laptop,Thandi,8,1022.80,,paid,
ORD-10937,2025-10-27,Lagos,Keyboard,Tunde,1,42.18,,paid,
ORD-10938,2025-05-21,Accra,Laptop,Omar,12,999.58,,paid,
ORD-10939,2025-02-09,Cape Town,Tablet,Thandi,2,422.53,,paid,
ORD-10940,2025-11-29,Cape Town,Keyboard,Wanjiru,9,44.79,,paid,
ORD-10941,2025-06-25,Nairobi,Keyboard,Wanjiru,9,47.38,0.16,pending,"gift wrap
second line"
ORD-10942,2025-02-16,Cairo,Laptop,Zainab,6,872.31,,paid,
ORD-10943,2025-03-20,Cairo,Monitor,Zainab,11,221.13,,paid,
ORD-10944,2025-04-12,Accra,Phone,Wanjiru,11,630.93,0.18,refunded,
ORD-10945,2025-11-19,Nairobi,Phone,Wanjiru,8,587.38,0.08,paid,
ORD-10946,2025-06-19,Cairo,Laptop,Zainab,5,967.57,,paid,
ORD-10947,2025-09-24,Cape Town,Monitor,Ada,12,239.02,,paid,
ORD-10948,2025-12-03,Abuja,Headphones,Ada,6,91.74,,paid,
ORD-10949,2025-03-24,Lagos,Laptop,Thandi,8,1011.83,,paid,
ORD-10950,2025-07-07,Accra,Phone,Thandi,4,559.44,,paid,
ORD-10951,2025-01-11,Accra,Phone,Thandi,3,612.07,0.19,pending,
ORD-10952,2025-05-27,Cairo,Monitor,Kofi,12,249.22,,paid,"  needs follow-up, ""urgent"" "
ORD-10953,2025-10-05,Cairo,Keyboard,Thandi,9,43.13,,pending,
ORD-10954,2025-12-13,Accra,Monitor,Ada,12,233.34,,paid,
ORD-10955,2025-05-09,Cairo,Phone,Ada,12,673.10,0.10,refunded,
ORD-10956,2025-12-06,Abuja,Headphones,Zainab,12,85.36,,pending,
ORD-10957,2025-11-01,Lagos,Headphones,Thandi,5,89.27,,paid,"gift wrap
second line"
ORD-10958,2025-12-01,Abuja,Laptop,Zainab,4,923.62,,pending,
ORD-10959,2025-08-24,Nairobi,Phone,Omar,8,559.08,0.11,paid,
ORD-10960,2025-05-24,Cairo,Laptop,Thandi,5,933.33,,paid,
ORD-10961,2025-08-04,Lagos,Phone,Omar,9,679.84,,paid,
ORD-10962,2025-04-01,Abuja,Phone,Tunde,8,576.97,,pending,
ORD-10963,2025-12-29,Cairo,Laptop,Tunde,3,956.70,,paid,
ORD-10964,2025-04-08,Cairo,Monitor,Thandi,3,241.05,0.21,paid,
ORD-10965,2025-08-08,Nairobi,Tablet,Ada,7,438.06,,paid,
ORD-10966,2025-05-05,Cairo,Laptop,Zainab,10,871.30,,paid,"  needs follow-up, ""urgent"" "
ORD-10967,2025-12-12,Abuja,Headphones,Thandi,12,80.02,,paid,
ORD-10968,2025-07-20,Abuja,Laptop,Tunde,9,946.03,0.19,refunded,
ORD-10969,2025-07-07,Lagos,Laptop,Thandi,8,950.44,,paid,
ORD-10970,2025-10-29,Abuja,Laptop,Zainab,5,880.75,,pending,
ORD-10971,2025-07-12,Cairo,Keyboard,Omar,10,45.06,,paid,
ORD-10972,2025-02-10,Abuja,Tablet,Ada,6,440.49,,refunded,
ORD-10973,2025-12-12,Accra,Laptop,Wanjiru,7,920.82,0.19,paid,
ORD-10974,2025-08-13,Lagos,Monitor,Wanjiru,12,210.15,0.12,paid,
ORD-10975,2025-11-30,Accra,Phone,Kofi,10,597.95,,paid,
ORD-10976,2025-07-13,Cape Town,Phone,Ada,11,667.38,,pending,"gift wrap
second line"
ORD-10977,2025-05-09,Abuja,Monitor,Ada,11,225.48,0.14,refunded,
ORD-10978,2025-05-25,Accra,Tablet,Wanjiru,1,388.20,0.04,refunded,
ORD-10979,2025-05-21,Cape Town,Headphones,Ada,10,79.55,,refunded,
ORD-10980,2025-09-16,Cairo,Tablet,Thandi,7,390.60,,refunded,
ORD-10981,2025-11-11,Nairobi,Tablet,Wanjiru,5,389.32,,paid,
ORD-10982,2025-04-23,Cape Town,Laptop,Zainab,6,908.68,,paid,
ORD-10983,2025-08-28,Lagos,Keyboard,Tunde,1,41.64,,paid,
ORD-10984,2025-04-22,Nairobi,Tablet,Tunde,10,403.71,,pending,
ORD-10985,2025-03-11,Nairobi,Phone,Tunde,6,670.62,,pending,
ORD-10986,2025-01-08,Lagos,Phone,Thandi,8,614.70,,refunded,
ORD-10987,2025-07-22,Cape Town,Headphones,Wanjiru,2,91.01,,paid,
ORD-10988,2025-04-20,Nairobi,Laptop,Zainab,10,1002.55,0.02,paid,
ORD-10989,2025-09-30,Accra,Headphones,Kofi,2,80.18,,paid,"  needs follow-up, ""urgent"" "
ORD-10990,2025-12-27,Abuja,Phone,Omar,7,658.76,,paid,
ORD-10991,2025-01-23,Abuja,Phone,Omar,3,583.15,0.09,paid,
ORD-10992,2025-08-18,Cairo,Tablet,Zainab,8,413.77,0.11,pending,
ORD-10993,2025-02-06,Accra,Monitor,Zainab,4,207.86,0.22,paid,
ORD-10994,2025-07-10,Nairobi,Tablet,Wanjiru,12,392.17,0.16,refunded,"  needs follow-up, ""urgent"" "
ORD-10995,2025-01-09,Lagos,Headphones,Wanjiru,1,89.37,0.12,pending,
ORD-10996,2025-11-02,Accra,Keyboard,Omar,4,41.63,,pending,
ORD-10997,2025-12-21,Accra,Monitor,Omar,8,228.65,,pending,
ORD-10998,2025-04-23,Nairobi,Laptop,Omar,8,939.93,,paid,
ORD-10999,2025-04-15,Nairobi,Headphones,Thandi,8,92.38,,refunded,
ORD-11000,2025-08-23,Cairo,Laptop,Tunde,8,937.94,,paid,"gift wrap
second line"
ORD-11001,2025-11-28,Abuja,Monitor,Zainab,12,210.15,,paid,
ORD-11002,2025-07-12,Nairobi,Monitor,Wanjiru,5,212.69,,paid,
ORD-11003,2025-01-06,Abuja,Monitor,Zainab,8,244.76,,paid,
ORD-11004,2025-03-27,Lagos,Phone,Zainab,10,619.02,0.15,paid,
ORD-11005,2025-04-29,Nairobi,Laptop,Thandi,5,1007.34,,refunded,
ORD-11006,2025-03-04,Lagos,Headphones,Omar,9,83.93,,refunded,
ORD-11007,2025-02-02,Abuja,Keyboard,Omar,8,45.06,,paid,
ORD-11008,2025-03-22,Cape Town,Headphones,Wanjiru,2,83.23,0.08,paid,
ORD-11009,2025-05-01,Lagos,Headphones,Wanjiru,8,88.33,,paid,"gift wrap
second line"
ORD-11010,2025-11-09,Accra,Headphones,Tunde,8,78.11,,paid,
ORD-11011,2025-04-15,Abuja,Tablet,Omar,6,412.41,0.17,pending,
ORD-11012,2025-06-04,Accra,Headphones,Omar,9,82.92,,refunded,
ORD-11013,2025-01-12,Abuja,Headphones,Kofi,8,88.23,0.10,paid,
ORD-11014,2025-05-02,Abuja,Tablet,Kofi,7,440.78,0.02,pending,
ORD-11015,2025-02-13,Cairo,Tablet,Thandi,1,401.50,,refunded,
ORD-11016,2025-06-26,Cape Town,Tablet,Thandi,8,437.35,0.00,paid,
ORD-11017,2025-12-07,Nairobi,Keyboard,Ada,8,42.19,,paid,
ORD-11018,2025-08-08,Lagos,Tablet,Omar,8,445.65,0.10,refunded,
ORD-11019,2025-10-14,Accra,Tablet,Kofi,11,383.38,0.09,refunded,
ORD-11020,2025-12-10,Lagos,Monitor,Omar,4,252.97,,paid,"gift wrap
second line"
ORD-11021,2025-07-27,Abuja,Monitor,Kofi,5,229.18,,pending,
ORD-11022,2025-02-02,Lagos,Phone,Ada,3,597.74,,paid,
ORD-11023,2025-06-10,Accra,Keyboard,Wanjiru,8,45.76,,paid,
ORD-11024,2025-06-03,Cape Town,Tablet,Wanjiru,11,426.30,0.24,paid,
ORD-11025,2025-05-24,Cairo,Phone,Wanjiru,8,632.58,,paid,
ORD-11026,2025-02-13,Cairo,Headphones,Ada,9,81.08,0.02,paid,
ORD-11027,2025-08-22,Lagos,Phone,Kofi,11,659.27,,refunded,
ORD-11028,2025-11-18,Accra,Laptop,Ada,12,950.85,,paid,
ORD-11029,2025-08-25,Nairobi,Tablet,Wanjiru,3,369.31,0.04,paid,
ORD-11030,2025-01-21,Abuja,Tablet,Tunde,3,407.87,,refunded,
ORD-11031,2025-09-05,Cairo,Phone,Zainab,1,648.39,0.20,refunded,
ORD-11032,2025-01-04,Abuja,Tablet,Tunde,4,423.94,,paid,
ORD-11033,2025-05-29,Lagos,Laptop,Ada,1,957.92,,pending,
ORD-11034,2025-03-03,Accra,Phone,Wanjiru,12,565.18,,pending,
ORD-11035,2025-05-17,Cairo,Keyboard,Omar,4,48.53,,paid,
ORD-11036,2025-05-03,Abuja,Keyboard,Wanjiru,5,48.34,,paid,
ORD-11037,2025-04-06,Cairo,Monitor,Tunde,7,242.92,,paid,
ORD-11038,2025-01-01,Accra,Headphones,Omar,10,90.97,,paid,
ORD-11039,2025-08-28,Cape Town,Laptop,Kofi,4,876.69,,paid,
ORD-11040,2025-10-20,Accra,Monitor,Tunde,8,213.33,,pending,
ORD-11041,2025-11-23,Lagos,Keyboard,Zainab,11,42.27,0.10,pending,"  needs follow-up, ""urgent"" "
ORD-11042,2025-12-18,Cape Town,Tablet,Wanjiru,12,383.49,0.22,refunded,
ORD-11043,2025-12-14,Abuja,Tablet,Omar,8,389.25,,paid,
ORD-11044,2025-05-12,Cairo,Keyboard,Tunde,12,41.24,,paid,
ORD-11045,2025-02-05,Cairo,Laptop,Tunde,10,1027.33,,paid,
ORD-11046,2025-06-26,Cairo,Tablet,Zainab,8,426.83,,paid,
ORD-11047,2025-01-25,Cape Town,Monitor,Ada,11,212.10,0.09,refunded,
ORD-11048,2025-05-15,Accra,Tablet,Thandi,12,431.24,,pending,
ORD-11049,2025-01-03,Abuja,Laptop,Zainab,10,913.26,,paid,
ORD-11050,2025-09-05,Nairobi,Tablet,Thandi,2,417.74,,refunded,
ORD-11051,2025-06-27,Nairobi,Keyboard,Ada,8,44.78,,pending,
ORD-11052,2025-10-03,Abuja,Headphones,Ada,7,79.50,0.03,paid,
ORD-11053,2025-05-26,Abuja,Laptop,Ada,1,926.74,0.05,paid,
ORD-11054,2025-03-06,Cape Town,Phone,Zainab,5,653.56,,refunded,
ORD-11055,2025-03-29,Cape Town,Laptop,Thandi,3,949.50,0.19,pending,
ORD-11056,2025-02-14,Abuja,Phone,Thandi,4,610.14,,paid,
ORD-11057,2025-07-21,Nairobi,Phone,Kofi,7,648.84,,paid,
ORD-11058,2025-08-30,Accra,Monitor,Wanjiru,12,229.07,,refunded,
ORD-11059,2025-12-31,Accra,Phone,Wanjiru,9,618.55,,paid,
ORD-11060,2025-01-26,Abuja,Phone,Tunde,2,584.65,,paid,
ORD-11061,2025-09-29,Lagos,Laptop,Kofi,8,928.56,,paid,
ORD-11062,2025-03-27,Abuja,Tablet,Ada,6,426.45,,paid,
ORD-11063,2025-01-15,Abuja,Laptop,Wanjiru,1,890.46,,paid,
ORD-11064,2025-06-11,Lagos,Keyboard,Omar,5,45.47,,pending,
ORD-11065,2025-11-22,Accra,Laptop,Kofi,11,917.88,,paid,
ORD-11066,2025-05-15,Accra,Phone,Kofi,4,648.21,,paid,
ORD-11067,2025-08-05,Accra,Monitor,Wanjiru,4,219.62,0.19,paid,
ORD-11068,2025-02-28,Lagos,Tablet,Kofi,9,411.79,,paid,
ORD-11069,2025-01-18,Cape Town,Tablet,Ada,5,390.01,,paid,
ORD-11070,2025-03-13,Lagos,Tablet,Ada,8,404.58,0.07,pending,
ORD-11071,2025-10-03,Abuja,Phone,Ada,5,586.04,0.22,refunded,
ORD-11072,2025-10-03,Cape Town,Laptop,Omar,9,960.93,0.05,refunded,
ORD-11073,2025-06-04,Lagos,Tablet,Kofi,3,450.15,,paid,
ORD-11074,2025-08-30,Nairobi,Laptop,Tunde,4,971.54,0.19,paid,
ORD-11075,2025-06-24,Nairobi,Monitor,Tunde,10,229.63,,paid,
ORD-11076,2025-07-12,Lagos,Tablet,Zainab,5,372.41,,paid,"  needs follow-up, ""urgent"" "
ORD-11077,2025-08-04,Cape Town,Keyboard,Thandi,4,43.18,,pending,
ORD-11078,2025-01-19,Lagos,Tablet,Omar,8,439.89,,paid,
ORD-11079,2025-10-18,Nairobi,Monitor,Thandi,5,242.21,,paid,
ORD-11080,2025-04-21,Accra,Keyboard,Tunde,12,45.36,0.20,pending,
ORD-11081,2025-12-09,Abuja,Phone,Ada,11,603.87,,paid,
ORD-11082,2025-06-11,Abuja,Keyboard,Thandi,1,45.97,,paid,
ORD-11083,2025-11-26,Lagos,Phone,Wanjiru,9,672.84,0.15,paid,
ORD-11084,2025-09-28,Abuja,Laptop,Kofi,2,859.38,,paid,
ORD-11085,2025-11-27,Lagos,Tablet,Zainab,8,413.85,0.20,paid,
ORD-11086,2025-01-17,Lagos,Headphones,Ada,7,80.08,0.17,paid,"  needs follow-up, ""urgent"" "
ORD-11087,2025-07-26,Cairo,Laptop,Kofi,12,883.40,,pending,
ORD-11088,2025-03-29,Abuja,Keyboard,Tunde,1,48.60,,paid,
ORD-11089,2025-08-25,Abuja,Monitor,Ada,11,247.28,,refunded,
ORD-11090,2025-06-05,Lagos,Monitor,Tunde,4,217.88,,refunded,
ORD-11091,2025-09-01,Abuja,Phone,Zainab,6,595.71,0.05,paid,
ORD-11092,2025-11-17,Lagos,Monitor,Tunde,5,253.00,0.24,refunded,
ORD-11093,2025-01-28,Abuja,Keyboard,Omar,4,47.11,,pending,
ORD-11094,2025-04-22,Lagos,Headphones,Ada,3,86.55,0.03,pending,
ORD-11095,2025-05-18,Abuja,Laptop,Wanjiru,11,1008.87,,pending,
ORD-11096,2025-06-08,Lagos,Tablet,Wanjiru,5,391.61,,paid,
ORD-11097,2025-09-23,Accra,Tablet,Zainab,5,377.09,,paid,
ORD-11098,2025-04-12,Cape Town,Phone,Kofi,2,620.62,0.23,paid,
ORD-11099,2025-04-11,Cairo,Phone,Kofi,3,579.17,,paid,"gift wrap
second line"
ORD-11100,2025-07-10,Lagos,Keyboard,Tunde,8,47.50,0.18,paid,
ORD-11101,2025-11-04,Cape Town,Headphones,Zainab,12,89.52,,paid,
ORD-11102,2025-07-07,Lagos,Laptop,Zainab,7,946.72,0.03,pending,"  needs follow-up, ""urgent"" "
ORD-11103,2025-08-18,Nairobi,Phone,Kofi,2,569.10,0.15,paid,
ORD-11104,2025-06-22,Abuja,Headphones,Kofi,2,80.40,0.10,paid,
ORD-11105,2025-09-07,Accra,Keyboard,Omar,5,40.92,,paid,"  needs follow-up, ""urgent"" "
ORD-11106,2025-11-03,Cape Town,Laptop,Wanjiru,8,869.11,,paid,
ORD-11107,2025-06-04,Abuja,Monitor,Ada,8,208.17,0.16,pending,
ORD-11108,2025-06-13,Abuja,Tablet,Tunde,2,386.51,,paid,
ORD-11109,2025-04-01,Lagos,Headphones,Zainab,10,80.84,0.04,refunded,
ORD-11110,2025-07-03,Lagos,Phone,Zainab,5,601.76,0.12,paid,
ORD-11111,2025-10-08,Abuja,Headphones,Omar,9,84.32,0.00,paid,
ORD-11112,2025-07-28,Lagos,Monitor,Kofi,1,227.18,,paid,
ORD-11113,2025-03-31,Abuja,Headphones,Wanjiru,8,84.44,,paid,"gift wrap
second line"
ORD-11114,2025-08-10,Abuja,Phone,Ada,10,658.27,,paid,
ORD-11115,2025-07-31,Abuja,Keyboard,Kofi,4,43.61,0.12,pending,"  needs follow-up, ""urgent"" "
ORD-11116,2025-11-18,Lagos,Headphones,Kofi,12,83.14,,pending,
ORD-11117,2025-08-22,Abuja,Laptop,Thandi,6,1006.01,0.14,refunded,
ORD-11118,2025-11-27,Abuja,Keyboard,Omar,1,48.11,0.12,refunded,
ORD-11119,2025-12-24,Accra,Phone,Tunde,10,619.88,,refunded,"gift wrap
second line"
ORD-11120,2025-05-13,Lagos,Laptop,Ada,6,1036.37,,paid,
ORD-11121,2025-12-28,Cairo,Laptop,Omar,6,967.38,0.24,pending,
ORD-11122,2025-05-29,Nairobi,Laptop,Ada,4,896.08,,paid,
ORD-11123,2025-12-30,Cape Town,Headphones,Wanjiru,2,76.68,,paid,
ORD-11124,2025-08-03,Cairo,Laptop,Omar,10,896.72,,refunded,
ORD-11125,2025-05-23,Lagos,Keyboard,Omar,6,43.52,,pending,
ORD-11126,2025-08-17,Cairo,Headphones,Tunde,2,88.32,0.21,pending,
ORD-11127,2025-07-21,Nairobi,Laptop,Wanjiru,5,928.82,,paid,
ORD-11128,2025-11-23,Abuja,Headphones,Omar,10,89.36,,paid,
ORD-11129,2025-07-06,Lagos,Headphones,Omar,12,89.89,,refunded,
ORD-11130,2025-06-28,Cape Town,Headphones,Zainab,5,80.90,0.19,refunded,
ORD-11131,2025-05-17,Cape Town,Phone,Omar,10,664.60,,pending,
ORD-11132,2025-03-11,Cairo,Tablet,Ada,3,430.41,,paid,
ORD-11133,2025-04-07,Cairo,Headphones,Wanjiru,3,82.21,,paid,
ORD-11134,2025-08-12,Nairobi,Keyboard,Zainab,8,45.08,,pending,
ORD-11135,2025-08-23,Abuja,Keyboard,Zainab,6,40.94,0.05,paid,
ORD-11136,2025-03-20,Cape Town,Headphones,Zainab,9,89.27,0.22,paid,"gift wrap
second line"
ORD-11137,2025-06-15,Nairobi,Laptop,Thandi,4,1021.12,,paid,
ORD-11138,2025-05-31,Accra,Monitor,Omar,5,211.43,,paid,
ORD-11139,2025-03-08,Accra,Laptop,Thandi,10,986.92,,pending,
ORD-11140,2025-12-07,Abuja,Tablet,Thandi,6,450.74,0.08,pending,
ORD-11141,2025-10-22,Nairobi,Laptop,Omar,4,865.75,,paid,
ORD-11142,2025-06-20,Cape Town,Headphones,Tunde,8,78.32,,paid,"gift wrap
second line"
ORD-11143,2025-02-17,Cape Town,Monitor,Thandi,1,251.71,0.12,paid,
ORD-11144,2025-12-08,Nairobi,Laptop,Ada,10,1011.53,,refunded,
ORD-11145,2025-02-01,Abuja,Keyboard,Thandi,10,41.68,0.03,pending,
ORD-11146,2025-04-14,Abuja,Headphones,Ada,12,93.18,,paid,
ORD-11147,2025-12-23,Nairobi,Phone,Tunde,12,636.17,,paid,
ORD-11148,2025-09-05,Nairobi,Laptop,Zainab,10,953.55,0.06,paid,
ORD-11149,2025-01-20,Accra,Headphones,Omar,8,87.26,,paid,
ORD-11150,2025-11-20,Accra,Keyboard,Zainab,4,40.73,,paid,
ORD-11151,2025-03-24,Cape Town,Keyboard,Zainab,4,42.29,,paid,
ORD-11152,2025-06-26,Accra,Headphones,Zainab,8,93.35,,paid,
ORD-11153,2025-02-06,Abuja,Phone,Ada,11,640.56,0.20,paid,
ORD-11154,2025-11-23,Abuja,Tablet,Kofi,1,448.80,,paid,
ORD-11155,2025-07-12,Nairobi,Phone,Wanjiru,9,679.61,,paid,
ORD-11156,2025-07-23,Accra,Tablet,Thandi,8,405.70,,paid,
ORD-11157,2025-03-26,Accra,Monitor,Tunde,10,235.41,,paid,
ORD-11158,2025-01-03,Nairobi,Tablet,Zainab,8,418.59,,paid,
ORD-11159,2025-06-12,Lagos,Phone,Ada,3,605.88,0.06,refunded,
ORD-11160,2025-04-11,Accra,Keyboard,Zainab,8,47.65,,refunded,
ORD-11161,2025-03-02,Accra,Phone,Zainab,9,604.12,,paid,"  needs follow-up, ""urgent"" "
ORD-11162,2025-07-01,Abuja,Headphones,Tunde,1,86.27,,refunded,
ORD-11163,2025-06-04,Accra,Monitor,Zainab,10,215.90,0.24,paid,
ORD-11164,2025-11-27,Accra,Headphones,Wanjiru,8,76.53,,refunded,
ORD-11165,2025-06-06,Accra,Tablet,Thandi,7,433.22,,refunded,
ORD-11166,2025-04-05,Nairobi,Laptop,Tunde,6,1044.38,,pending,
ORD-11167,2025-10-04,Nairobi,Phone,Omar,12,619.39,,pending,"  needs follow-up, ""urgent"" "
ORD-11168,2025-06-09,Lagos,Tablet,Thandi,5,395.18,,pending,
ORD-11169,2025-07-12,Abuja,Monitor,Kofi,12,218.42,,refunded,
ORD-11170,2025-11-28,Accra,Monitor,Ada,3,247.90,,paid,
ORD-11171,2025-03-08,Cairo,Headphones,Wanjiru,6,86.88,0.17,paid,
ORD-11172,2025-09-09,Nairobi,Keyboard,Ada,1,45.78,,paid,"gift wrap
second line"
ORD-11173,2025-11-09,Cape Town,Monitor,Tunde,4,249.75,,paid,
ORD-11174,2025-11-04,Abuja,Keyboard,Ada,11,46.32,0.24,paid,
ORD-11175,2025-02-16,Nairobi,Phone,Thandi,6,597.46,0.20,paid,
ORD-11176,2025-12-13,Cairo,Phone,Wanjiru,11,598.84,,paid,
ORD-11177,2025-06-06,Abuja,Tablet,Ada,9,440.22,,paid,
ORD-11178,2025-01-17,Nairobi,Phone,Zainab,2,633.09,0.16,refunded,
ORD-11179,2025-03-30,Nairobi,Keyboard,Omar,6,43.20,,paid,
ORD-11180,2025-12-01,Cape Town,Monitor,Omar,6,213.23,,refunded,
ORD-11181,2025-03-14,Lagos,Keyboard,Thandi,6,48.37,,pending,
ORD-11182,2025-07-23,Accra,Headphones,Thandi,11,89.04,,paid,
ORD-11183,2025-09-21,Abuja,Phone,Kofi,7,566.60,0.18,pending,
ORD-11184,2025-01-16,Abuja,Keyboard,Ada,4,47.00,,pending,
ORD-11185,2025-07-23,Lagos,Keyboard,Ada,9,43.59,,paid,
ORD-11186,2025-07-23,Nairobi,Tablet,Thandi,4,430.66,0.12,paid,
ORD-11187,2025-05-09,Lagos,Headphones,Ada,1,88.36,0.24,paid,
ORD-11188,2025-08-08,Abuja,Laptop,Zainab,1,982.82,,pending,
ORD-11189,2025-05-27,Abuja,Laptop,Tunde,7,906.95,,refunded,
ORD-11190,2025-02-24,Accra,Headphones,Wanjiru,3,88.07,,paid,
ORD-11191,2025-11-03,Accra,Tablet,Omar,3,438.68,,refunded,
ORD-11192,2025-12-08,Abuja,Keyboard,Wanjiru,6,46.65,,paid,
ORD-11193,2025-06-17,Cairo,Monitor,Omar,1,220.49,0.19,paid,"  needs follow-up, ""urgent"" "
ORD-11194,2025-03-06,Nairobi,Monitor,Kofi,4,236.39,0.08,refunded,
ORD-11195,2025-07-15,Cape Town,Laptop,Zainab,7,953.82,,paid,
ORD-11196,2025-02-08,Nairobi,Tablet,Thandi,4,447.24,,pending,
ORD-11197,2025-11-08,Lagos,Phone,Zainab,9,583.37,0.12,paid,
ORD-11198,2025-08-26,Lagos,Phone,Ada,3,650.81,,paid,
ORD-11199,2025-03-29,Lagos,Headphones,Kofi,11,88.89,,paid,
ORD-11200,2025-04-30,Cairo,Tablet,Wanjiru,2,375.38,,paid,
ORD-11201,2025-09-13,Abuja,Phone,Tunde,8,582.33,0.04,paid,
ORD-11202,2025-11-06,Lagos,Phone,Zainab,6,613.88,,paid,"gift wrap
second line"
ORD-11203,2025-03-06,Cairo,Laptop,Tunde,7,864.48,,paid,
ORD-11204,2025-08-23,Abuja,Keyboard,Omar,10,45.18,,paid,"gift wrap
second line"
ORD-11205,2025-05-25,Lagos,Headphones,Kofi,11,83.87,0.05,paid,
ORD-11206,2025-01-16,Cairo,Headphones,Kofi,7,79.74,,paid,
ORD-11207,2025-10-10,Cape Town,Phone,Ada,9,579.62,,paid,
ORD-11208,2025-11-21,Nairobi,Phone,Omar,3,567.76,,paid,
ORD-11209,2025-02-03,Abuja,Laptop,Kofi,7,1004.44,,refunded,
ORD-11210,2025-07-16,Accra,Monitor,Zainab,5,218.37,,paid,
ORD-11211,2025-07-26,Nairobi,Phone,Thandi,1,675.23,,paid,
ORD-11212,2025-11-07,Abuja,Headphones,Omar,9,82.16,,paid,
ORD-11213,2025-11-29,Accra,Headphones,Kofi,11,77.86,,paid,
ORD-11214,2025-03-06,Cape Town,Headphones,Kofi,4,83.46,0.17,pending,
ORD-11215,2025-05-29,Accra,Tablet,Omar,1,396.89,,paid,"  needs follow-up, ""urgent"" "
ORD-11216,2025-05-28,Abuja,Tablet,Thandi,2,393.70,,refunded,
ORD-11217,2025-01-30,Lagos,Monitor,Wanjiru,9,251.01,,paid,
ORD-11218,2025-04-27,Abuja,Laptop,Kofi,4,964.18,0.02,paid,
ORD-11219,2025-05-21,Cape Town,Phone,Wanjiru,6,642.40,0.04,refunded,"  needs follow-up, ""urgent"" "
ORD-11220,2025-04-10,Accra,Tablet,Ada,6,396.55,0.13,paid,"  needs follow-up, ""urgent"" "
ORD-11221,2025-03-15,Nairobi,Tablet,Omar,10,389.84,,refunded,
ORD-11222,2025-01-16,Cape Town,Tablet,Thandi,6,423.94,,paid,
ORD-11223,2025-05-14,Accra,Monitor,Thandi,7,209.58,0.03,pending,
ORD-11224,2025-02-28,Nairobi,Monitor,Wanjiru,1,213.11,,refunded,"gift wrap
second line"
ORD-11225,2025-10-30,Lagos,Tablet,Kofi,7,398.79,,paid,
ORD-11226,2025-08-23,Cape Town,Headphones,Ada,5,93.16,,pending,
ORD-11227,2025-11-30,Cape Town,Tablet,Zainab,7,385.28,,paid,
ORD-11228,2025-05-17,Lagos,Headphones,Kofi,12,89.36,0.04,pending,"  needs follow-up, ""urgent"" "
ORD-11229,2025-12-29,Abuja,Tablet,Kofi,4,434.91,0.15,refunded,
ORD-11230,2025-07-14,Nairobi,Monitor,Ada,7,207.18,,refunded,
ORD-11231,2025-01-22,Nairobi,Headphones,Wanjiru,12,87.00,,paid,
ORD-11232,2025-12-18,Lagos,Tablet,Thandi,2,396.22,,pending,
ORD-11233,2025-09-22,Nairobi,Laptop,Omar,6,909.62,,paid,
ORD-11234,2025-12-19,Nairobi,Phone,Omar,10,598.39,,refunded,
ORD-11235,2025-01-07,Cairo,Headphones,Omar,4,87.40,0.01,paid,
ORD-11236,2025-12-14,Abuja,Phone,Wanjiru,4,601.07,0.02,paid,
ORD-11237,2025-03-11,Abuja,Keyboard,Zainab,8,43.89,,paid,
ORD-11238,2025-11-18,Accra,Headphones,Thandi,10,77.16,0.01,paid,
ORD-11239,2025-04-18,Cairo,Headphones,Wanjiru,2,81.85,,pending,
ORD-11240,2025-12-08,Cape Town,Tablet,Thandi,4,394.35,,paid,
ORD-11241,2025-12-26,Accra,Tablet,Thandi,1,446.05,,pending,
ORD-11242,2025-03-26,Accra,Phone,Omar,7,570.85,0.05,refunded,
ORD-11243,2025-05-15,Accra,Monitor,Kofi,5,217.04,,pending,
ORD-11244,2025-04-18,Cape Town,Laptop,Zainab,11,1032.11,,refunded,
ORD-11245,2025-05-17,Cape Town,Laptop,Ada,5,875.89,,paid,
ORD-11246,2025-09-16,Accra,Tablet,Omar,6,391.87,,pending,
ORD-11247,2025-03-19,Cairo,Keyboard,Thandi,4,43.15,0.09,paid,
ORD-11248,2025-08-04,Abuja,Headphones,Ada,3,85.81,,paid,
ORD-11249,2025-03-18,Cairo,Monitor,Tunde,5,240.64,,paid,
ORD-11250,2025-07-24,Cape Town,Phone,Thandi,12,604.13,0.07,pending,
ORD-11251,2025-04-28,Accra,Keyboard,Kofi,3,41.98,,pending,"gift wrap
second line"
ORD-11252,2025-09-18,Abuja,Monitor,Thandi,11,209.37,,paid,
ORD-11253,2025-05-01,Lagos,Keyboard,Omar,6,45.68,,paid,
ORD-11254,2025-10-25,Nairobi,Headphones,Wanjiru,7,82.05,,paid,
ORD-11255,2025-12-26,Nairobi,Keyboard,Omar,1,47.83,,paid,
ORD-11256,2025-01-08,Cape Town,Phone,Kofi,2,603.23,0.10,paid,
ORD-11257,2025-05-26,Nairobi,Phone,Thandi,9,673.79,,refunded,"gift wrap
second line"
ORD-11258,2025-09-12,Nairobi,Keyboard,Wanjiru,7,48.33,,pending,
ORD-11259,2025-12-21,Lagos,Phone,Tunde,8,605.06,,paid,
ORD-11260,2025-12-23,Nairobi,Laptop,Ada,10,952.75,0.08,paid,
ORD-11261,2025-04-03,Cape Town,Keyboard,Wanjiru,11,43.18,0.01,paid,
ORD-11262,2025-01-08,Cairo,Laptop,Omar,1,958.28,,refunded,
ORD-11263,2025-04-21,Accra,Tablet,Tunde,4,413.78,,pending,
ORD-11264,2025-12-06,Nairobi,Headphones,Ada,12,81.31,,pending,
ORD-11265,2025-11-30,Nairobi,Headphones,Tunde,6,92.48,,pending,"gift wrap
second line"
ORD-11266,2025-11-17,Abuja,Phone,Kofi,2,637.30,,refunded,
ORD-11267,2025-02-23,Abuja,Laptop,Zainab,11,910.76,0.17,paid,
ORD-11268,2025-06-29,Cape Town,Phone,Omar,10,582.00,,paid,
ORD-11269,2025-06-19,Cape Town,Laptop,Wanjiru,4,1000.46,0.00,paid,
ORD-11270,2025-05-17,Accra,Monitor,Zainab,9,226.03,0.15,paid,
ORD-11271,2025-06-02,Cairo,Monitor,Omar,5,240.91,0.01,paid,
ORD-11272,2025-06-09,Accra,Laptop,Zainab,9,1040.74,,paid,
ORD-11273,2025-05-12,Cairo,Monitor,Ada,4,241.26,,paid,
ORD-11274,2025-02-18,Lagos,Monitor,Ada,3,251.60,0.04,refunded,
ORD-11275,2025-12-16,Accra,Tablet,Ada,8,373.93,,paid,
ORD-11276,2025-06-29,Abuja,Headphones,Tunde,2,83.70,,paid,
ORD-11277,2025-12-12,Cairo,Headphones,Thandi,10,82.74,,paid,
ORD-11278,2025-08-06,Nairobi,Phone,Tunde,12,624.20,,paid,
ORD-11279,2025-03-21,Cape Town,Monitor,Thandi,12,228.98,,pending,
ORD-11280,2025-07-26,Lagos,Tablet,Zainab,1,422.35,0.01,paid,
ORD-11281,2025-05-19,Abuja,Headphones,Kofi,11,83.29,,paid,
ORD-11282,2025-08-11,Cairo,Monitor,Tunde,6,225.63,0.03,paid,
ORD-11283,2025-10-12,Cairo,Phone,Zainab,9,629.74,0.06,pending,
ORD-11284,2025-06-21,Cairo,Keyboard,Thandi,7,41.20,,paid,
ORD-11285,2025-01-09,Abuja,Tablet,Tunde,5,397.48,0.18,refunded,
ORD-11286,2025-10-25,Abuja,Phone,Thandi,11,674.98,0.09,paid,
ORD-11287,2025-11-25,Cairo,Monitor,Tunde,5,228.61,,paid,
ORD-11288,2025-07-03,Cape Town,Laptop,Tunde,11,917.05,,refunded,
ORD-11289,2025-11-23,Nairobi,Headphones,Omar,11,91.60,0.22,paid,
ORD-11290,2025-06-02,Abuja,Tablet,Ada,6,372.61,,refunded,
ORD-11291,2025-08-04,Accra,Phone,Wanjiru,8,666.16,,paid,
ORD-11292,2025-02-13,Lagos,Keyboard,Omar,12,46.66,,refunded,"  needs follow-up, ""urgent"" "
ORD-11293,2025-09-17,Accra,Tablet,Ada,2,443.29,,paid,
ORD-11294,2025-12-19,Abuja,Keyboard,Wanjiru,5,47.99,0.22,paid,"gift wrap
second line"
ORD-11295,2025-12-31,Cairo,Monitor,Thandi,9,209.20,0.05,paid,
ORD-11296,2025-12-19,Abuja,Laptop,Thandi,5,953.52,,pending,
ORD-11297,2025-03-19,Cape Town,Keyboard,Ada,3,47.20,0.16,paid,
ORD-11298,2025-08-19,Cairo,Keyboard,Tunde,7,47.83,,paid,
ORD-11299,2025-08-05,Nairobi,Phone,Wanjiru,7,621.03,0.04,paid,
ORD-11300,2025-11-06,Nairobi,Keyboard,Wanjiru,11,49.28,,paid,
ORD-11301,2025-02-06,Abuja,Phone,Ada,9,659.14,0.16,paid,"  needs follow-up, ""urgent"" "
ORD-11302,2025-05-03,Abuja,Laptop,Omar,3,1027.32,0.07,paid,
ORD-11303,2025-09-11,Lagos,Laptop,Zainab,7,949.00,0.21,paid,
ORD-11304,2025-06-21,Cape Town,Headphones,Tunde,7,92.13,0.10,paid,
ORD-11305,2025-08-04,Abuja,Tablet,Ada,1,440.29,,paid,
ORD-11306,2025-03-15,Lagos,Headphones,Omar,2,92.74,,pending,
ORD-11307,2025-07-05,Abuja,Phone,Wanjiru,1,571.24,,refunded,
ORD-11308,2025-03-07,Accra,Phone,Zainab,2,662.24,,refunded,
ORD-11309,2025-04-02,Cape Town,Monitor,Ada,11,240.06,,paid,
ORD-11310,2025-12-20,Cairo,Tablet,Kofi,10,380.02,0.15,paid,
ORD-11311,2025-07-03,Nairobi,Laptop,Thandi,5,1011.30,0.13,paid,
ORD-11312,2025-12-05,Cape Town,Keyboard,Tunde,7,43.59,,paid,
ORD-11313,2025-12-27,Cape Town,Monitor,Wanjiru,1,223.31,,pending,
ORD-11314,2025-03-13,Cape Town,Phone,Thandi,11,652.33,0.22,paid,
ORD-11315,2025-07-09,Lagos,Monitor,Zainab,11,241.73,0.11,paid,
ORD-11316,2025-10-31,Lagos,Monitor,Omar,5,231.60,,paid,
ORD-11317,2025-12-02,Cape Town,Laptop,Omar,3,953.95,0.10,paid,"  needs follow-up, ""urgent"" "
ORD-11318,2025-10-05,Cape Town,Keyboard,Wanjiru,7,45.93,,paid,
ORD-11319,2025-05-17,Cape Town,Phone,Kofi,6,605.56,,paid,
ORD-11320,2025-12-02,Abuja,Keyboard,Thandi,12,47.77,0.03,paid,
ORD-11321,2025-11-30,Accra,Headphones,Zainab,8,77.02,0.23,pending,"gift wrap
second line"
ORD-11322,2025-10-14,Nairobi,Keyboard,Kofi,9,42.90,,refunded,
ORD-11323,2025-02-13,Nairobi,Headphones,Ada,11,91.81,,paid,
ORD-11324,2025-11-17,Accra,Monitor,Zainab,11,229.53,0.22,paid,
ORD-11325,2025-10-15,Abuja,Laptop,Ada,8,925.64,,paid,
ORD-11326,2025-04-23,Abuja,Tablet,Wanjiru,1,397.20,,paid,
ORD-11327,2025-08-02,Nairobi,Tablet,Kofi,12,374.95,,paid,
ORD-11328,2025-09-27,Cape Town,Monitor,Wanjiru,11,229.89,,pending,
ORD-11329,2025-01-27,Lagos,Monitor,Tunde,2,237.10,,paid,
ORD-11330,2025-10-06,Cairo,Tablet,Wanjiru,12,407.32,,paid,
ORD-11331,2025-01-01,Accra,Laptop,Wanjiru,11,919.80,,refunded,
ORD-11332,2025-11-23,Lagos,Keyboard,Kofi,1,42.35,0.01,paid,
ORD-11333,2025-07-03,Cairo,Monitor,Ada,10,216.71,,paid,
ORD-11334,2025-01-06,Abuja,Tablet,Kofi,9,394.61,0.03,paid,
ORD-11335,2025-08-08,Nairobi,Headphones,Tunde,9,90.71,,paid,
ORD-11336,2025-08-13,Cape Town,Phone,Tunde,4,612.30,0.19,refunded,
ORD-11337,2025-08-08,Cairo,Keyboard,Wanjiru,6,42.35,,paid,
ORD-11338,2025-09-20,Nairobi,Tablet,Kofi,5,390.31,,paid,
ORD-11339,2025-11-22,Lagos,Keyboard,Wanjiru,2,46.79,0.10,paid,
ORD-11340,2025-05-22,Abuja,Headphones,Wanjiru,11,85.16,,paid,
ORD-11341,2025-02-26,Accra,Tablet,Ada,2,373.03,,refunded,
ORD-11342,2025-02-25,Abuja,Phone,Omar,12,656.90,,paid,"gift wrap
second line"
ORD-11343,2025-03-29,Lagos,Keyboard,Tunde,11,42.19,0.24,paid,
ORD-11344,2025-08-02,Lagos,Laptop,Wanjiru,3,856.44,0.08,refunded,
ORD-11345,2025-05-18,Cairo,Keyboard,Thandi,5,47.72,,paid,
ORD-11346,2025-05-12,Abuja,Laptop,Tunde,5,862.90,,paid,"  needs follow-up, ""urgent"" "
ORD-11347,2025-01-11,Abuja,Keyboard,Zainab,4,40.95,0.23,pending,
ORD-11348,2025-08-02,Accra,Tablet,Wanjiru,8,411.01,0.11,refunded,
ORD-11349,2025-06-06,Cairo,Keyboard,Thandi,4,45.54,0.09,paid,
ORD-11350,2025-03-21,Accra,Headphones,Kofi,9,81.76,,pending,
ORD-11351,2025-03-10,Cairo,Monitor,Omar,8,247.49,0.15,pending,
ORD-11352,2025-03-24,Lagos,Phone,Omar,10,664.17,,paid,
ORD-11353,2025-09-22,Cape Town,Keyboard,Wanjiru,1,45.00,,paid,
ORD-11354,2025-03-16,Lagos,Phone,Zainab,3,602.19,,paid,"  needs follow-up, ""urgent"" "
ORD-11355,2025-09-17,Accra,Monitor,Ada,4,235.37,,paid,
ORD-11356,2025-10-07,Abuja,Keyboard,Kofi,10,47.36,0.03,refunded,
ORD-11357,2025-10-17,Abuja,Phone,Zainab,7,644.87,0.22,pending,
ORD-11358,2025-08-17,Cape Town,Phone,Wanjiru,5,610.62,0.14,paid,
ORD-11359,2025-12-08,Nairobi,Tablet,Ada,7,374.84,,paid,
ORD-11360,2025-01-27,Accra,Phone,Zainab,3,639.72,,paid,"  needs follow-up, ""urgent"" "
ORD-11361,2025-05-18,Abuja,Keyboard,Tunde,8,40.98,,paid,
ORD-11362,2025-06-03,Nairobi,Phone,Thandi,9,647.09,0.02,paid,
ORD-11363,2025-05-25,Cairo,Tablet,Thandi,3,443.29,,refunded,
ORD-11364,2025-11-08,Cairo,Keyboard,Wanjiru,5,45.66,,refunded,
ORD-11365,2025-04-12,Nairobi,Keyboard,Kofi,7,44.85,,paid,
ORD-11366,2025-12-27,Cape Town,Laptop,Omar,4,952.30,0.24,paid,
ORD-11367,2025-07-26,Lagos,Tablet,Omar,2,438.51,,pending,
ORD-11368,2025-12-31,Cairo,Headphones,Kofi,1,83.13,0.14,pending,"gift wrap
second line"
ORD-11369,2025-02-25,Cairo,Tablet,Zainab,8,429.89,,paid,
ORD-11370,2025-05-27,Cape Town,Phone,Thandi,9,598.02,,pending,
ORD-11371,2025-03-21,Abuja,Headphones,Ada,11,83.01,,paid,
ORD-11372,2025-12-31,Cape Town,Monitor,Tunde,3,243.21,,paid,
ORD-11373,2025-10-20,Cape Town,Keyboard,Tunde,8,46.18,0.03,refunded,
ORD-11374,2025-12-07,Accra,Keyboard,Omar,8,49.46,,paid,
ORD-11375,2025-11-07,Cairo,Monitor,Thandi,6,214.47,,paid,
ORD-11376,2025-02-22,Cape Town,Headphones,Wanjiru,3,83.62,0.09,refunded,
ORD-11377,2025-05-29,Cape Town,Phone,Omar,2,609.87,0.09,paid,
ORD-11378,2025-02-02,Abuja,Tablet,Zainab,4,438.63,,pending,
ORD-11379,2025-04-21,Lagos,Keyboard,Ada,8,47.45,,paid,
ORD-11380,2025-12-06,Lagos,Phone,Tunde,5,626.07,,pending,
ORD-11381,2025-06-17,Cape Town,Tablet,Ada,10,431.63,,paid,
ORD-11382,2025-03-25,Cape Town,Laptop,Kofi,5,975.26,,paid,
ORD-11383,2025-08-15,Cairo,Monitor,Thandi,12,245.65,,paid,
ORD-11384,2025-06-18,Nairobi,Headphones,Ada,9,85.16,,refunded,
ORD-11385,2025-01-09,Nairobi,Laptop,Thandi,2,899.10,,paid,
ORD-11386,2025-07-06,Nairobi,Tablet,Omar,12,376.97,0.01,refunded,
ORD-11387,2025-05-16,Lagos,Tablet,Wanjiru,7,417.33,,refunded,
ORD-11388,2025-03-12,Cairo,Tablet,Tunde,6,381.73,,paid,
ORD-11389,2025-06-18,Accra,Keyboard,Zainab,7,49.00,0.12,paid,
ORD-11390,2025-03-22,Cape Town,Laptop,Ada,8,943.12,0.18,paid,
ORD-11391,2025-04-02,Cairo,Headphones,Tunde,7,85.95,,paid,
ORD-11392,2025-08-01,Lagos,Phone,Zainab,10,618.47,,paid,
ORD-11393,2025-11-05,Abuja,Headphones,Omar,8,91.14,0.16,pending,
ORD-11394,2025-07-06,Cairo,Phone,Zainab,6,658.85,,paid,
ORD-11395,2025-04-06,Cairo,Phone,Kofi,1,672.78,,paid,
ORD-11396,2025-06-28,Abuja,Phone,Tunde,8,614.01,0.12,paid,
ORD-11397,2025-04-17,Lagos,Laptop,Ada,8,860.19,,refunded,
ORD-11398,2025-03-10,Accra,Monitor,Wanjiru,6,226.20,,paid,
ORD-11399,2025-06-08,Accra,Headphones,Omar,5,86.68,,paid,
ORD-11400,2025-04-05,Abuja,Keyboard,Tunde,3,46.06,,pending,
ORD-11401,2025-06-19,Cairo,Headphones,Zainab,6,85.33,,paid,
ORD-11402,2025-11-03,Cairo,Laptop,Zainab,12,877.71,0.13,pending,
ORD-11403,2025-10-25,Cairo,Phone,Thandi,4,662.89,0.10,paid,
ORD-11404,2025-05-10,Lagos,Laptop,Thandi,5,935.32,0.14,refunded,
ORD-11405,2025-06-27,Accra,Headphones,Ada,4,76.80,,paid,
ORD-11406,2025-10-03,Lagos,Monitor,Kofi,4,229.49,0.23,paid,
ORD-11407,2025-12-12,Accra,Phone,Wanjiru,8,681.30,,pending,
ORD-11408,2025-05-23,Cairo,Tablet,Thandi,2,414.63,,paid,"  needs follow-up, ""urgent"" "
ORD-11409,2025-06-27,Cape Town,Tablet,Wanjiru,1,409.35,,refunded,
ORD-11410,2025-07-13,Accra,Headphones,Thandi,6,91.54,0.10,paid,
ORD-11411,2025-06-06,Abuja,Tablet,Ada,9,369.94,,paid,
ORD-11412,2025-04-30,Lagos,Phone,Kofi,5,646.27,0.21,refunded,
ORD-11413,2025-07-19,Abuja,Tablet,Thandi,12,415.68,,pending,
ORD-11414,2025-09-14,Accra,Phone,Zainab,1,580.67,,paid,
ORD-11415,2025-12-17,Accra,Tablet,Kofi,7,392.34,0.00,paid,
ORD-11416,2025-03-22,Cape Town,Tablet,Wanjiru,5,446.15,,paid,
ORD-11417,2025-10-23,Accra,Phone,Omar,11,618.21,,paid,
ORD-11418,2025-12-04,Accra,Laptop,Ada,7,1044.34,,paid,
ORD-11419,2025-09-09,Abuja,Phone,Wanjiru,12,681.99,,paid,
ORD-11420,2025-07-14,Cape Town,Phone,Ada,2,669.78,0.16,paid,
ORD-11421,2025-02-06,Lagos,Keyboard,Kofi,7,44.86,,refunded,
ORD-11422,2025-03-15,Cairo,Headphones,Wanjiru,3,84.02,,paid,
ORD-11423,2025-06-03,Lagos,Headphones,Wanjiru,1,80.31,,pending,
ORD-11424,2025-04-29,Abuja,Laptop,Tunde,8,1013.40,,paid,
ORD-11425,2025-11-05,Nairobi,Tablet,Omar,5,412.89,,paid,
ORD-11426,2025-04-05,Cape Town,Tablet,Wanjiru,8,449.60,,paid,
ORD-11427,2025-06-08,Lagos,Tablet,Kofi,9,373.62,,paid,
ORD-11428,2025-07-16,Accra,Laptop,Thandi,6,945.28,,refunded,
ORD-11429,2025-10-16,Accra,Keyboard,Omar,3,47.34,,paid,
ORD-11430,2025-11-09,Abuja,Headphones,Wanjiru,11,85.27,,paid,
ORD-11431,2025-07-21,Cairo,Tablet,Omar,7,441.50,,paid,
ORD-11432,2025-10-26,Accra,Tablet,Ada,9,393.45,,paid,
ORD-11433,2025-02-25,Cairo,Tablet,Omar,3,370.95,,refunded,
ORD-11434,2025-03-01,Cairo,Tablet,Kofi,11,402.39,,paid,
ORD-11435,2025-08-12,Cairo,Keyboard,Thandi,12,41.74,0.05,paid,"  needs follow-up, ""urgent"" "
ORD-11436,2025-06-26,Abuja,Monitor,Omar,10,245.75,,paid,
ORD-11437,2025-08-16,Lagos,Laptop,Ada,1,951.14,,paid,
ORD-11438,2025-05-29,Cape Town,Keyboard,Ada,4,45.63,,paid,
ORD-11439,2025-03-13,Accra,Monitor,Kofi,1,216.18,0.23,paid,
ORD-11440,2025-06-26,Abuja,Laptop,Thandi,9,895.03,0.21,paid,
ORD-11441,2025-11-16,Nairobi,Monitor,Wanjiru,10,232.25,0.08,paid,
ORD-11442,2025-05-05,Lagos,Headphones,Thandi,8,92.58,,refunded,
ORD-11443,2025-06-03,Lagos,Headphones,Zainab,6,84.41,0.13,paid,
ORD-11444,2025-12-14,Nairobi,Phone,Omar,10,658.27,0.06,refunded,
ORD-11445,2025-04-30,Cape Town,Monitor,Zainab,7,251.46,,paid,
ORD-11446,2025-06-01,Lagos,Laptop,Ada,1,1015.32,,paid,"  needs follow-up, ""urgent"" "
ORD-11447,2025-07-04,Abuja,Headphones,Kofi,9,78.88,0.07,refunded,
ORD-11448,2025-06-19,Cairo,Phone,Zainab,6,606.33,0.23,pending,
ORD-11449,2025-05-16,Nairobi,Tablet,Tunde,1,380.30,0.23,refunded,
ORD-11450,2025-10-17,Accra,Laptop,Thandi,10,919.58,,paid,
ORD-11451,2025-10-21,Nairobi,Monitor,Tunde,9,233.97,0.04,paid,"  needs follow-up, ""urgent"" "
ORD-11452,2025-06-12,Cape Town,Phone,Kofi,12,568.86,,paid,
ORD-11453,2025-11-16,Abuja,Phone,Ada,6,559.12,0.09,paid,
ORD-11454,2025-06-20,Lagos,Laptop,Wanjiru,7,949.45,0.18,paid,
ORD-11455,2025-01-06,Cape Town,Monitor,Ada,9,225.30,,pending,
ORD-11456,2025-10-17,Accra,Monitor,Tunde,1,240.61,,paid,
ORD-11457,2025-11-16,Cairo,Keyboard,Wanjiru,1,44.73,,paid,
ORD-11458,2025-10-24,Abuja,Tablet,Wanjiru,11,446.17,,paid,
ORD-11459,2025-06-21,Abuja,Keyboard,Zainab,5,43.31,0.11,paid,
ORD-11460,2025-08-06,Abuja,Phone,Tunde,4,645.65,,paid,
ORD-11461,2025-12-02,Cairo,Headphones,Zainab,12,80.43,,pending,
ORD-11462,2025-01-24,Abuja,Monitor,Omar,4,234.93,0.19,refunded,
ORD-11463,2025-11-12,Cape Town,Monitor,Omar,9,230.24,0.24,paid,
ORD-11464,2025-04-03,Cape Town,Laptop,Tunde,7,918.24,,paid,
ORD-11465,2025-12-10,Abuja,Phone,Zainab,3,625.80,0.10,paid,
ORD-11466,2025-12-09,Accra,Keyboard,Tunde,6,46.21,,paid,
ORD-11467,2025-01-12,Cairo,Monitor,Zainab,9,247.85,,refunded,
ORD-11468,2025-01-10,Cairo,Phone,Ada,5,678.10,,refunded,
ORD-11469,2025-11-03,Accra,Keyboard,Ada,4,44.90,0.24,paid,
ORD-11470,2025-02-14,Cape Town,Headphones,Thandi,5,89.96,,paid,
ORD-11471,2025-06-26,Lagos,Phone,Tunde,1,575.35,,pending,
ORD-11472,2025-04-04,Abuja,Phone,Ada,8,568.81,0.04,paid,
ORD-11473,2025-08-18,Nairobi,Phone,Ada,9,580.36,,pending,
ORD-11474,2025-02-05,Nairobi,Monitor,Wanjiru,8,211.29,,pending,
ORD-11475,2025-05-29,Accra,Phone,Wanjiru,5,681.84,,pending,
ORD-11476,2025-06-27,Abuja,Headphones,Kofi,4,90.31,0.21,paid,
ORD-11477,2025-12-09,Cape Town,Headphones,Ada,11,89.44,,paid,
ORD-11478,2025-06-27,Abuja,Laptop,Wanjiru,10,1003.73,0.05,pending,
ORD-11479,2025-05-10,Abuja,Keyboard,Wanjiru,7,41.73,,pending,
ORD-11480,2025-04-07,Nairobi,Headphones,Wanjiru,11,82.18,0.03,paid,"  needs follow-up, ""urgent"" "
ORD-11481,2025-08-02,Cairo,Laptop,Wanjiru,2,921.42,,paid,
ORD-11482,2025-01-08,Cairo,Monitor,Omar,10,233.09,,paid,
ORD-11483,2025-11-29,Accra,Headphones,Ada,4,76.82,,paid,
ORD-11484,2025-10-18,Cape Town,Laptop,Ada,4,936.83,,pending,
ORD-11485,2025-06-10,Cairo,Headphones,Omar,10,86.65,,paid,
ORD-11486,2025-10-10,Lagos,Laptop,Tunde,7,920.14,,pending,
ORD-11487,2025-08-29,Cape Town,Monitor,Ada,5,244.24,,paid,
ORD-11488,2025-09-10,Accra,Headphones,Ada,6,86.74,,paid,
ORD-11489,2025-10-07,Abuja,Headphones,Kofi,2,77.58,,paid,
ORD-11490,2025-08-29,Accra,Headphones,Omar,6,87.61,0.00,paid,
ORD-11491,2025-11-26,Abuja,Tablet,Tunde,12,441.64,,pending,"gift wrap
second line"
ORD-11492,2025-07-06,Cape Town,Tablet,Zainab,2,373.36,,refunded,
ORD-11493,2025-11-28,Accra,Tablet,Kofi,2,416.78,,paid,"  needs follow-up, ""urgent"" "
ORD-11494,2025-02-25,Accra,Keyboard,Tunde,10,42.98,,pending,
ORD-11495,2025-01-25,Accra,Phone,Thandi,1,573.65,,paid,"gift wrap
second line"
ORD-11496,2025-09-19,Cairo,Headphones,Omar,12,89.60,,paid,
ORD-11497,2025-05-20,Cairo,Phone,Omar,11,562.38,,paid,
ORD-11498,2025-04-19,Accra,Tablet,Thandi,7,420.58,0.25,refunded,
ORD-11499,2025-03-22,Lagos,Tablet,Kofi,8,413.04,,pending,
ORD-11500,2025-09-16,Nairobi,Monitor,Thandi,8,229.41,,paid,
ORD-11501,2025-01-01,Lagos,Phone,Omar,6,595.27,0.20,pending,
ORD-11502,2025-09-02,Cape Town,Keyboard,Kofi,6,41.47,,refunded,
ORD-11503,2025-01-09,Lagos,Laptop,Tunde,12,868.27,,paid,
ORD-11504,2025-03-03,Abuja,Headphones,Kofi,12,85.26,,paid,"  needs follow-up, ""urgent"" "
ORD-11505,2025-11-11,Accra,Tablet,Wanjiru,3,408.32,,paid,
ORD-11506,2025-11-21,Cape Town,Tablet,Zainab,7,395.98,,paid,"  needs follow-up, ""urgent"" "
ORD-11507,2025-10-25,Nairobi,Headphones,Zainab,8,87.07,,paid,"  needs follow-up, ""urgent"" "
ORD-11508,2025-01-05,Accra,Monitor,Zainab,3,241.76,,paid,
ORD-11509,2025-10-03,Cape Town,Monitor,Omar,8,234.49,,paid,
ORD-11510,2025-07-05,Accra,Keyboard,Zainab,8,40.85,,pending,
ORD-11511,2025-09-30,Accra,Phone,Thandi,1,604.49,,paid,
ORD-11512,2025-06-21,Accra,Laptop,Wanjiru,5,978.49,,refunded,
ORD-11513,2025-05-02,Accra,Monitor,Thandi,4,239.28,0.12,paid,
ORD-11514,2025-01-26,Accra,Laptop,Omar,2,1011.85,,refunded,
ORD-11515,2025-08-14,Accra,Monitor,Zainab,12,214.20,,paid,
ORD-11516,2025-02-25,Lagos,Keyboard,Thandi,9,48.24,,paid,
ORD-11517,2025-03-08,Cairo,Keyboard,Zainab,7,48.12,,paid,
ORD-11518,2025-11-04,Accra,Monitor,Kofi,12,219.78,,pending,
ORD-11519,2025-07-16,Accra,Headphones,Omar,10,76.54,,paid,"gift wrap
second line"
ORD-11520,2025-11-30,Lagos,Monitor,Ada,10,210.83,,paid,
ORD-11521,2025-11-02,Cairo,Tablet,Ada,3,414.44,0.10,pending,
ORD-11522,2025-10-12,Cape Town,Monitor,Tunde,4,231.20,,refunded,
ORD-11523,2025-01-22,Cairo,Monitor,Ada,12,234.71,,paid,
ORD-11524,2025-01-01,Nairobi,Monitor,Wanjiru,6,211.35,0.05,refunded,
ORD-11525,2025-01-02,Accra,Headphones,Wanjiru,7,80.14,0.22,refunded,
ORD-11526,2025-12-05,Cape Town,Keyboard,Omar,4,42.05,,paid,
ORD-11527,2025-03-19,Accra,Keyboard,Zainab,9,47.50,,pending,
ORD-11528,2025-12-26,Nairobi,Keyboard,Wanjiru,1,41.02,,paid,
ORD-11529,2025-01-15,Abuja,Laptop,Tunde,11,900.95,0.13,paid,
ORD-11530,2025-08-30,Lagos,Headphones,Wanjiru,9,90.83,0.14,paid,
ORD-11531,2025-06-19,Cape Town,Phone,Wanjiru,5,567.75,0.09,pending,
ORD-11532,2025-12-17,Cape Town,Laptop,Thandi,10,910.22,,paid,
ORD-11533,2025-09-07,Cape Town,Headphones,Ada,11,84.02,0.07,paid,
ORD-11534,2025-05-12,Nairobi,Monitor,Kofi,5,208.72,0.09,paid,
ORD-11535,2025-09-20,Nairobi,Headphones,Ada,4,92.90,,paid,
ORD-11536,2025-07-03,Lagos,Headphones,Thandi,8,82.55,,pending,
ORD-11537,2025-04-20,Nairobi,Monitor,Kofi,10,245.01,,pending,
ORD-11538,2025-10-28,Cape Town,Headphones,Kofi,10,85.69,,paid,
ORD-11539,2025-08-27,Accra,Tablet,Kofi,5,421.17,,paid,
ORD-11540,2025-10-19,Accra,Headphones,Ada,1,78.90,0.07,paid,
ORD-11541,2025-09-03,Cape Town,Laptop,Ada,8,1021.13,,paid,
ORD-11542,2025-12-30,Abuja,Tablet,Thandi,7,409.43,0.21,refunded,
ORD-11543,2025-11-18,Cairo,Laptop,Thandi,12,991.02,0.25,paid,
ORD-11544,2025-04-02,Abuja,Tablet,Kofi,11,406.76,0.22,refunded,
ORD-11545,2025-06-16,Lagos,Laptop,Wanjiru,11,931.17,,pending,
ORD-11546,2025-09-12,Cape Town,Headphones,Omar,3,89.80,,paid,
ORD-11547,2025-10-11,Cairo,Headphones,Kofi,2,83.80,0.20,paid,
ORD-11548,2025-04-27,Cairo,Monitor,Omar,3,226.75,,paid,
ORD-11549,2025-08-26,Accra,Headphones,Omar,3,90.56,,paid,
ORD-11550,2025-05-17,Cape Town,Headphones,Ada,7,78.23,,paid,
ORD-11551,2025-09-09,Abuja,Headphones,Omar,4,85.98,0.01,paid,
ORD-11552,2025-06-09,Abuja,Phone,Thandi,9,594.40,,paid,
ORD-11553,2025-12-23,Cairo,Phone,Zainab,10,671.83,0.11,pending,
ORD-11554,2025-04-08,Abuja,Laptop,Zainab,12,904.21,,paid,
ORD-11555,2025-08-15,Accra,Monitor,Wanjiru,6,230.69,,refunded,"  needs follow-up, ""urgent"" "
ORD-11556,2025-06-02,Lagos,Tablet,Thandi,4,441.32,,paid,
ORD-11557,2025-06-13,Cape Town,Tablet,Kofi,7,437.10,,paid,
ORD-11558,2025-09-08,Cape Town,Monitor,Kofi,1,213.19,,refunded,
ORD-11559,2025-01-03,Nairobi,Tablet,Zainab,5,404.66,,refunded,
ORD-11560,2025-12-26,Lagos,Keyboard,Tunde,4,44.21,0.25,paid,
ORD-11561,2025-04-08,Abuja,Phone,Ada,3,660.54,0.23,paid,
ORD-11562,2025-10-25,Cairo,Laptop,Omar,8,883.55,0.11,paid,
ORD-11563,2025-05-01,Lagos,Phone,Zainab,12,645.44,0.23,pending,
ORD-11564,2025-04-18,Cairo,Monitor,Zainab,5,232.21,,refunded,"gift wrap
second line"
ORD-11565,2025-04-22,Accra,Monitor,Wanjiru,3,233.29,,refunded,
ORD-11566,2025-11-04,Accra,Phone,Thandi,12,560.88,,paid,
ORD-11567,2025-11-04,Abuja,Monitor,Tunde,2,207.91,0.03,paid,
ORD-11568,2025-07-24,Cairo,Phone,Zainab,8,569.35,,paid,
ORD-11569,2025-10-30,Abuja,Tablet,Thandi,2,430.39,,pending,
ORD-11570,2025-06-28,Lagos,Headphones,Wanjiru,4,91.67,,refunded,
ORD-11571,2025-03-14,Lagos,Monitor,Ada,9,221.87,,refunded,
ORD-11572,2025-10-26,Cairo,Tablet,Omar,3,425.14,,pending,
ORD-11573,2025-02-28,Accra,Keyboard,Tunde,5,48.49,,paid,
ORD-11574,2025-12-15,Nairobi,Laptop,Zainab,8,877.94,,paid,
ORD-11575,2025-08-13,Nairobi,Tablet,Omar,9,419.34,0.05,paid,
ORD-11576,2025-02-20,Cape Town,Laptop,Wanjiru,10,942.94,,paid,
ORD-11577,2025-01-20,Cairo,Laptop,Ada,10,856.53,,pending,
ORD-11578,2025-10-12,Lagos,Laptop,Tunde,7,1018.51,,paid,
ORD-11579,2025-09-23,Cape Town,Monitor,Zainab,7,210.10,,paid,
ORD-11580,2025-02-10,Abuja,Tablet,Thandi,6,420.20,,paid,
ORD-11581,2025-08-21,Accra,Monitor,Omar,3,241.66,,paid,
ORD-11582,2025-05-19,Lagos,Monitor,Omar,3,217.23,,paid,
ORD-11583,2025-10-12,Cape Town,Tablet,Tunde,3,448.58,0.09,pending,"gift wrap
second line"
ORD-11584,2025-09-11,Accra,Laptop,Zainab,12,934.58,,paid,
ORD-11585,2025-09-02,Abuja,Headphones,Thandi,5,89.65,,paid,
ORD-11586,2025-08-03,Abuja,Headphones,Omar,6,80.19,,pending,
ORD-11587,2025-06-22,Cairo,Phone,Thandi,8,565.41,,refunded,"  needs follow-up, ""urgent"" "
ORD-11588,2025-07-18,Nairobi,Laptop,Thandi,5,860.20,,paid,"gift wrap
second line"
ORD-11589,2025-07-17,Cape Town,Phone,Thandi,8,594.95,,paid,
ORD-11590,2025-11-01,Abuja,Phone,Omar,3,633.12,0.06,refunded,
ORD-11591,2025-05-13,Cape Town,Phone,Wanjiru,7,653.86,,refunded,
ORD-11592,2025-11-06,Cairo,Phone,Kofi,2,680.83,,refunded,
ORD-11593,2025-05-16,Cairo,Tablet,Thandi,4,417.69,,pending,
ORD-11594,2025-07-10,Accra,Monitor,Wanjiru,6,239.13,,paid,"  needs follow-up, ""urgent"" "
ORD-11595,2025-12-05,Nairobi,Tablet,Kofi,7,448.02,,pending,
ORD-11596,2025-12-31,Cairo,Tablet,Omar,4,449.24,0.04,pending,
ORD-11597,2025-08-25,Cape Town,Keyboard,Omar,1,48.70,,paid,
ORD-11598,2025-04-27,Cape Town,Laptop,Tunde,4,897.72,,refunded,"  needs follow-up, ""urgent"" "
ORD-11599,2025-10-07,Cairo,Tablet,Tunde,11,440.15,,paid,"gift wrap
second line"
ORD-11600,2025-06-07,Cairo,Tablet,Omar,5,370.74,,refunded,
ORD-11601,2025-12-02,Abuja,Tablet,Zainab,7,386.95,,refunded,
ORD-11602,2025-02-17,Cairo,Laptop,Zainab,2,954.41,,paid,
ORD-11603,2025-09-08,Accra,Keyboard,Wanjiru,3,45.17,0.19,paid,
ORD-11604,2025-03-11,Nairobi,Monitor,Tunde,3,234.65,0.13,pending,
ORD-11605,2025-02-08,Cape Town,Headphones,Tunde,12,83.72,,refunded,
ORD-11606,2025-02-26,Abuja,Phone,Omar,12,667.37,0.17,refunded,
ORD-11607,2025-12-10,Abuja,Monitor,Ada,2,251.02,,paid,
ORD-11608,2025-04-29,Lagos,Keyboard,Ada,2,45.72,,paid,
ORD-11609,2025-11-09,Abuja,Laptop,Tunde,4,1028.00,0.11,paid,"  needs follow-up, ""urgent"" "
ORD-11610,2025-09-19,Cape Town,Headphones,Kofi,10,87.63,,paid,
ORD-11611,2025-12-07,Cape Town,Phone,Tunde,8,572.90,0.22,paid,
ORD-11612,2025-04-15,Cape Town,Monitor,Thandi,10,212.94,0.23,paid,
ORD-11613,2025-01-14,Lagos,Tablet,Wanjiru,2,436.57,,paid,
ORD-11614,2025-09-18,Cairo,Phone,Zainab,4,560.40,,paid,
ORD-11615,2025-03-25,Accra,Phone,Omar,4,566.00,0.13,pending,
ORD-11616,2025-01-02,Abuja,Laptop,Thandi,11,995.90,,paid,
ORD-11617,2025-10-20,Cairo,Laptop,Ada,5,953.55,0.01,refunded,
ORD-11618,2025-09-10,Cape Town,Monitor,Thandi,7,235.84,0.21,paid,
ORD-11619,2025-06-18,Nairobi,Headphones,Ada,1,83.07,,refunded,
ORD-11620,2025-10-14,Lagos,Phone,Ada,6,659.41,,pending,
ORD-11621,2025-06-20,Abuja,Monitor,Zainab,4,234.77,0.21,refunded,
ORD-11622,2025-06-11,Abuja,Tablet,Kofi,1,369.97,0.01,paid,
ORD-11623,2025-01-29,Lagos,Monitor,Ada,1,214.79,,paid,
ORD-11624,2025-09-19,Cairo,Phone,Kofi,1,661.66,,paid,"gift wrap
second line"
ORD-11625,2025-04-17,Accra,Monitor,Zainab,3,214.86,,refunded,
ORD-11626,2025-02-18,Nairobi,Keyboard,Wanjiru,7,44.91,0.11,pending,"  needs follow-up, ""urgent"" "
ORD-11627,2025-04-14,Lagos,Monitor,Wanjiru,7,212.08,,refunded,
ORD-11628,2025-03-07,Cairo,Laptop,Omar,3,902.64,,paid,
ORD-11629,2025-05-24,Abuja,Keyboard,Zainab,11,49.21,,paid,"gift wrap
second line"
ORD-11630,2025-08-28,Nairobi,Tablet,Tunde,4,402.52,0.04,paid,
ORD-11631,2025-01-13,Abuja,Monitor,Tunde,3,228.60,0.23,refunded,
ORD-11632,2025-05-22,Accra,Tablet,Wanjiru,12,396.00,0.18,paid,
ORD-11633,2025-11-03,Cairo,Laptop,Kofi,5,1024.33,,paid,
ORD-11634,2025-07-03,Accra,Headphones,Thandi,10,84.99,0.14,refunded,
ORD-11635,2025-01-20,Cairo,Monitor,Omar,8,219.82,,paid,
ORD-11636,2025-05-04,Accra,Keyboard,Kofi,3,44.18,0.07,pending,"gift wrap
second line"
ORD-11637,2025-03-20,Cairo,Headphones,Tunde,5,77.17,0.10,refunded,
ORD-11638,2025-05-06,Cairo,Keyboard,Ada,4,44.58,,paid,
ORD-11639,2025-10-07,Lagos,Headphones,Thandi,8,85.22,0.16,paid,
ORD-11640,2025-07-19,Cape Town,Phone,Tunde,5,614.50,0.10,paid,
ORD-11641,2025-06-20,Abuja,Laptop,Ada,1,889.46,,paid,
ORD-11642,2025-06-30,Accra,Phone,Wanjiru,4,674.76,0.15,pending,
ORD-11643,2025-07-19,Lagos,Keyboard,Wanjiru,6,40.74,,paid,
ORD-11644,2025-12-25,Lagos,Headphones,Zainab,12,87.56,,pending,
ORD-11645,2025-08-07,Abuja,Phone,Ada,6,613.44,,refunded,"  needs follow-up, ""urgent"" "
ORD-11646,2025-10-02,Cairo,Laptop,Tunde,7,980.01,,paid,
ORD-11647,2025-02-05,Lagos,Monitor,Zainab,11,252.12,,paid,
ORD-11648,2025-02-04,Accra,Keyboard,Omar,1,46.59,,paid,
ORD-11649,2025-09-27,Accra,Headphones,Omar,4,88.59,,refunded,
ORD-11650,2025-09-25,Lagos,Headphones,Kofi,1,79.82,,paid,
ORD-11651,2025-09-03,Cape Town,Tablet,Wanjiru,12,443.98,,paid,"  needs follow-up, ""urgent"" "
ORD-11652,2025-12-12,Cairo,Laptop,Omar,9,926.29,,paid,
ORD-11653,2025-02-28,Lagos,Phone,Omar,6,646.76,0.06,paid,
ORD-11654,2025-01-16,Cape Town,Headphones,Kofi,1,90.75,,paid,"gift wrap
second line"
ORD-11655,2025-10-13,Abuja,Monitor,Omar,11,229.66,,refunded,
ORD-11656,2025-04-28,Nairobi,Keyboard,Tunde,12,45.28,,paid,
ORD-11657,2025-12-13,Abuja,Tablet,Omar,6,425.00,0.05,paid,
ORD-11658,2025-04-01,Cairo,Headphones,Kofi,6,78.76,,paid,
ORD-11659,2025-04-14,Cairo,Keyboard,Omar,4,44.92,,paid,
ORD-11660,2025-06-25,Accra,Headphones,Wanjiru,8,80.22,,pending,
ORD-11661,2025-02-14,Cape Town,Headphones,Thandi,4,85.53,,paid,
ORD-11662,2025-08-07,Cape Town,Tablet,Wanjiru,8,380.23,,refunded,
ORD-11663,2025-06-19,Accra,Phone,Zainab,8,573.44,,pending,
ORD-11664,2025-09-30,Cairo,Phone,Omar,4,645.06,,paid,
ORD-11665,2025-02-26,Lagos,Phone,Tunde,9,577.52,,refunded,
ORD-11666,2025-06-27,Cairo,Monitor,Tunde,5,219.22,,paid,
ORD-11667,2025-05-11,Cairo,Laptop,Thandi,6,894.06,,paid,
ORD-11668,2025-05-04,Nairobi,Keyboard,Wanjiru,12,46.02,,refunded,
ORD-11669,2025-07-12,Lagos,Headphones,Tunde,11,91.89,,refunded,
ORD-11670,2025-11-01,Nairobi,Phone,Ada,8,603.36,,paid,
ORD-11671,2025-01-04,Cairo,Phone,Zainab,12,634.30,0.24,refunded,
ORD-11672,2025-07-08,Abuja,Laptop,Zainab,10,947.18,,paid,
ORD-11673,2025-01-08,Cairo,Laptop,Kofi,3,902.97,,refunded,
ORD-11674,2025-10-15,Nairobi,Tablet,Omar,4,396.37,0.22,paid,
ORD-11675,2025-06-11,Cairo,Monitor,Ada,5,243.77,,paid,
ORD-11676,2025-12-14,Cairo,Laptop,Omar,12,972.27,,refunded,"gift wrap
second line"
ORD-11677,2025-06-28,Lagos,Headphones,Omar,7,77.62,,paid,
ORD-11678,2025-06-27,Cairo,Monitor,Kofi,7,252.44,,refunded,
ORD-11679,2025-05-12,Cairo,Keyboard,Tunde,2,45.84,,paid,
ORD-11680,2025-05-24,Nairobi,Phone,Kofi,10,580.27,0.18,refunded,
ORD-11681,2025-03-14,Abuja,Headphones,Tunde,10,81.88,0.21,paid,
ORD-11682,2025-12-23,Abuja,Monitor,Kofi,1,240.08,,pending,
ORD-11683,2025-04-19,Abuja,Headphones,Omar,2,87.41,,refunded,
ORD-11684,2025-11-05,Lagos,Keyboard,Thandi,2,41.88,,refunded,
ORD-11685,2025-06-14,Accra,Keyboard,Zainab,9,42.58,,refunded,
ORD-11686,2025-07-10,Abuja,Laptop,Tunde,2,939.65,,paid,
ORD-11687,2025-08-22,Accra,Headphones,Tunde,9,78.69,,paid,
ORD-11688,2025-03-05,Cairo,Keyboard,Omar,4,43.72,,paid,
ORD-11689,2025-10-17,Lagos,Tablet,Wanjiru,1,386.33,,paid,
ORD-11690,2025-03-10,Nairobi,Phone,Wanjiru,6,620.80,,pending,
ORD-11691,2025-07-12,Cairo,Keyboard,Kofi,6,42.95,,paid,
ORD-11692,2025-07-29,Accra,Phone,Tunde,11,631.88,,pending,
ORD-11693,2025-06-03,Accra,Laptop,Ada,8,916.99,,paid,
ORD-11694,2025-09-14,Cairo,Headphones,Kofi,3,87.40,,paid,
ORD-11695,2025-04-22,Abuja,Headphones,Thandi,9,88.84,,paid,
ORD-11696,2025-09-16,Cairo,Laptop,Ada,10,958.45,,pending,
ORD-11697,2025-04-19,Nairobi,Phone,Kofi,5,610.56,,paid,
ORD-11698,2025-05-09,Lagos,Monitor,Thandi,9,211.33,,paid,
ORD-11699,2025-11-01,Accra,Laptop,Tunde,6,981.50,0.11,paid,
ORD-11700,2025-06-29,Abuja,Monitor,Tunde,6,224.29,,paid,
ORD-11701,2025-08-03,Accra,Monitor,Wanjiru,3,228.00,,paid,
ORD-11702,2025-01-03,Lagos,Phone,Tunde,6,643.38,,paid,
ORD-11703,2025-12-30,Abuja,Phone,Ada,5,647.89,0.14,paid,
ORD-11704,2025-12-13,Cape Town,Headphones,Kofi,1,84.55,,pending,
ORD-11705,2025-04-23,Nairobi,Keyboard,Thandi,1,43.71,,refunded,"  needs follow-up, ""urgent"" "
ORD-11706,2025-12-30,Lagos,Monitor,Wanjiru,7,217.55,0.10,refunded,"  needs follow-up, ""urgent"" "
ORD-11707,2025-08-04,Abuja,Keyboard,Wanjiru,2,42.46,,pending,
ORD-11708,2025-07-07,Abuja,Laptop,Kofi,5,1044.66,,refunded,"gift wrap
second line"
ORD-11709,2025-04-27,Accra,Keyboard,Zainab,11,43.72,0.22,paid,
ORD-11710,2025-08-08,Cairo,Headphones,Tunde,6,82.50,0.24,paid,
ORD-11711,2025-03-25,Nairobi,Phone,Kofi,11,672.45,,paid,
ORD-11712,2025-09-27,Accra,Tablet,Omar,10,371.49,,paid,
ORD-11713,2025-06-01,Cape Town,Phone,Thandi,5,618.83,,paid,
ORD-11714,2025-04-17,Cairo,Tablet,Zainab,1,447.96,0.20,paid,
ORD-11715,2025-05-14,Lagos,Headphones,Wanjiru,11,76.81,0.19,refunded,
ORD-11716,2025-02-17,Lagos,Monitor,Zainab,12,216.52,,paid,
ORD-11717,2025-10-29,Lagos,Phone,Omar,3,658.78,0.01,paid,"  needs follow-up, ""urgent"" "
ORD-11718,2025-07-12,Cape Town,Tablet,Tunde,3,448.72,,paid,
ORD-11719,2025-07-07,Accra,Keyboard,Tunde,5,40.84,,refunded,
ORD-11720,2025-04-02,Nairobi,Laptop,Tunde,9,952.10,0.16,pending,
ORD-11721,2025-12-30,Abuja,Laptop,Zainab,11,1006.77,,refunded,
ORD-11722,2025-04-08,Lagos,Laptop,Zainab,5,1028.90,0.18,pending,
ORD-11723,2025-11-27,Nairobi,Laptop,Kofi,4,1011.02,0.20,paid,
ORD-11724,2025-01-23,Nairobi,Headphones,Thandi,10,84.82,0.09,refunded,
ORD-11725,2025-12-08,Nairobi,Headphones,Wanjiru,6,81.61,0.10,paid,
ORD-11726,2025-06-10,Accra,Keyboard,Tunde,12,46.83,,refunded,
ORD-11727,2025-05-10,Nairobi,Monitor,Wanjiru,2,215.28,,pending,
ORD-11728,2025-01-17,Cape Town,Monitor,Kofi,8,249.13,,paid,
ORD-11729,2025-01-13,Nairobi,Monitor,Thandi,4,231.98,,paid,
ORD-11730,2025-06-24,Abuja,Headphones,Wanjiru,1,87.83,0.16,paid,
ORD-11731,2025-08-23,Cape Town,Tablet,Thandi,1,445.23,,paid,
ORD-11732,2025-02-12,Accra,Laptop,Tunde,2,889.46,,paid,
ORD-11733,2025-05-28,Cairo,Keyboard,Ada,9,46.88,,paid,
ORD-11734,2025-01-17,Lagos,Phone,Tunde,9,665.71,0.09,paid,"  needs follow-up, ""urgent"" "
ORD-11735,2025-10-01,Lagos,Headphones,Omar,1,93.41,,paid,
ORD-11736,2025-04-18,Abuja,Laptop,Thandi,11,980.22,,paid,
ORD-11737,2025-11-03,Accra,Phone,Thandi,12,604.94,,paid,
ORD-11738,2025-10-14,Accra,Phone,Zainab,7,560.99,,pending,
ORD-11739,2025-09-22,Nairobi,Keyboard,Zainab,8,41.08,0.12,refunded,
ORD-11740,2025-10-08,Nairobi,Keyboard,Wanjiru,12,40.70,,paid,
ORD-11741,2025-12-02,Accra,Keyboard,Omar,5,40.57,,paid,"gift wrap
second line"
ORD-11742,2025-01-23,Lagos,Monitor,Thandi,8,248.43,,paid,
ORD-11743,2025-04-05,Nairobi,Headphones,Omar,6,91.83,,refunded,
ORD-11744,2025-03-16,Abuja,Laptop,Kofi,12,930.09,,pending,
ORD-11745,2025-07-15,Lagos,Keyboard,Zainab,8,44.40,,pending,
ORD-11746,2025-04-09,Cape Town,Monitor,Thandi,9,209.64,,paid,
ORD-11747,2025-04-14,Cairo,Phone,Ada,1,602.14,0.11,refunded,
ORD-11748,2025-09-10,Accra,Keyboard,Zainab,10,48.06,,refunded,
ORD-11749,2025-07-22,Lagos,Keyboard,Thandi,12,41.73,,paid,
ORD-11750,2025-07-15,Nairobi,Laptop,Kofi,8,995.15,0.01,paid,
ORD-11751,2025-04-18,Accra,Laptop,Zainab,9,873.23,,pending,"  needs follow-up, ""urgent"" "
ORD-11752,2025-10-25,Abuja,Tablet,Ada,2,406.75,0.24,paid,"gift wrap
second line"
ORD-11753,2025-10-23,Cape Town,Phone,Kofi,12,568.79,,paid,
ORD-11754,2025-11-24,Cairo,Phone,Ada,9,624.57,,paid,
ORD-11755,2025-03-23,Cairo,Tablet,Ada,12,448.33,0.13,paid,
ORD-11756,2025-12-27,Cape Town,Headphones,Kofi,4,86.62,,paid,
ORD-11757,2025-02-02,Cape Town,Phone,Tunde,4,585.61,,paid,
ORD-11758,2025-07-29,Nairobi,Laptop,Omar,10,888.50,,paid,
ORD-11759,2025-02-08,Lagos,Phone,Kofi,1,680.59,,pending,
ORD-11760,2025-06-27,Cape Town,Monitor,Wanjiru,10,233.28,,pending,
ORD-11761,2025-04-21,Cairo,Headphones,Zainab,5,81.45,0.13,refunded,
ORD-11762,2025-08-13,Accra,Monitor,Omar,7,235.21,,paid,
ORD-11763,2025-03-05,Abuja,Laptop,Kofi,8,937.99,,refunded,
ORD-11764,2025-09-06,Abuja,Keyboard,Thandi,4,40.96,0.16,paid,
ORD-11765,2025-04-09,Abuja,Monitor,Zainab,9,233.70,,paid,
ORD-11766,2025-06-04,Abuja,Laptop,Wanjiru,5,922.11,,pending,
ORD-11767,2025-10-25,Nairobi,Phone,Ada,2,643.61,0.22,paid,
ORD-11768,2025-07-09,Abuja,Laptop,Omar,9,959.50,,refunded,
ORD-11769,2025-12-24,Lagos,Monitor,Zainab,7,231.67,,pending,
ORD-11770,2025-07-01,Cape Town,Keyboard,Zainab,7,42.09,,paid,
ORD-11771,2025-12-16,Cairo,Headphones,Omar,5,83.72,,refunded,
ORD-11772,2025-04-24,Abuja,Monitor,Thandi,11,242.81,,paid,
ORD-11773,2025-04-21,Abuja,Phone,Thandi,7,654.15,,pending,"gift wrap
second line"
ORD-11774,2025-07-03,Lagos,Tablet,Ada,2,419.52,,refunded,
ORD-11775,2025-03-06,Lagos,Laptop,Thandi,1,1015.68,,paid,
ORD-11776,2025-07-06,Nairobi,Tablet,Tunde,3,439.83,,pending,
ORD-11777,2025-03-02,Lagos,Headphones,Kofi,8,80.18,0.09,refunded,
ORD-11778,2025-02-27,Accra,Headphones,Omar,2,90.70,,pending,
ORD-11779,2025-04-05,Nairobi,Tablet,Omar,1,398.62,,refunded,"  needs follow-up, ""urgent"" "
ORD-11780,2025-04-06,Lagos,Phone,Zainab,8,619.25,0.03,paid,"  needs follow-up, ""urgent"" "
ORD-11781,2025-12-08,Nairobi,Keyboard,Wanjiru,7,47.40,,pending,
ORD-11782,2025-01-02,Cairo,Keyboard,Wanjiru,3,41.38,,paid,
ORD-11783,2025-04-07,Cape Town,Headphones,Omar,4,84.33,,paid,
ORD-11784,2025-06-05,Lagos,Phone,Omar,7,671.89,,paid,
ORD-11785,2025-08-29,Abuja,Phone,Kofi,12,676.09,,paid,
ORD-11786,2025-09-17,Cairo,Headphones,Omar,5,79.79,,refunded,
ORD-11787,2025-02-21,Cape Town,Phone,Omar,7,660.78,,refunded,
ORD-11788,2025-09-19,Cape Town,Laptop,Ada,12,890.94,,refunded,
ORD-11789,2025-05-22,Accra,Laptop,Omar,8,926.14,0.05,paid,
ORD-11790,2025-05-05,Cairo,Monitor,Wanjiru,6,240.38,0.18,refunded,
ORD-11791,2025-10-28,Lagos,Phone,Zainab,11,618.46,,pending,
ORD-11792,2025-12-10,Accra,Keyboard,Ada,10,42.89,,paid,
ORD-11793,2025-06-13,Accra,Tablet,Thandi,4,424.86,,paid,
ORD-11794,2025-07-24,Cape Town,Monitor,Thandi,2,242.53,0.02,paid,
ORD-11795,2025-03-07,Cape Town,Phone,Zainab,8,639.13,,paid,
ORD-11796,2025-02-26,Nairobi,Monitor,Ada,12,231.54,,pending,
ORD-11797,2025-10-28,Lagos,Monitor,Ada,6,251.55,0.18,refunded,
ORD-11798,2025-10-12,Nairobi,Keyboard,Thandi,10,49.20,,paid,
ORD-11799,2025-12-12,Lagos,Monitor,Omar,11,221.91,,paid,
ORD-11800,2025-04-07,Lagos,Monitor,Omar,6,233.00,,pending,
ORD-11801,2025-09-20,Lagos,Monitor,Tunde,8,224.59,,paid,"gift wrap
second line"
ORD-11802,2025-09-17,Lagos,Keyboard,Omar,4,47.50,,refunded,
ORD-11803,2025-04-12,Cape Town,Tablet,Omar,1,436.91,,paid,
ORD-11804,2025-04-22,Abuja,Monitor,Ada,11,231.73,,paid,
ORD-11805,2025-03-29,Nairobi,Phone,Tunde,3,580.61,,paid,
ORD-11806,2025-10-09,Nairobi,Headphones,Tunde,3,80.36,,paid,
ORD-11807,2025-08-20,Nairobi,Monitor,Zainab,5,226.32,0.19,paid,
ORD-11808,2025-02-14,Cape Town,Laptop,Ada,1,881.02,,paid,
ORD-11809,2025-03-03,Cape Town,Keyboard,Thandi,8,47.20,0.06,pending,
ORD-11810,2025-04-18,Abuja,Phone,Wanjiru,1,615.51,0.08,paid,
ORD-11811,2025-07-28,Abuja,Headphones,Kofi,12,87.34,,paid,
ORD-11812,2025-07-30,Abuja,Headphones,Thandi,10,89.76,,paid,
ORD-11813,2025-03-21,Lagos,Keyboard,Zainab,10,45.28,0.20,paid,
ORD-11814,2025-06-27,Accra,Laptop,Tunde,2,949.30,,refunded,
ORD-11815,2025-03-02,Accra,Phone,Wanjiru,10,598.36,,pending,
ORD-11816,2025-12-19,Accra,Laptop,Omar,12,913.21,,paid,
ORD-11817,2025-07-20,Cairo,Monitor,Kofi,6,245.54,,paid,
ORD-11818,2025-08-04,Cape Town,Tablet,Tunde,5,390.01,0.06,pending,
ORD-11819,2025-10-24,Abuja,Keyboard,Thandi,7,46.84,,pending,
ORD-11820,2025-08-07,Nairobi,Laptop,Kofi,3,936.25,,refunded,
ORD-11821,2025-12-04,Accra,Tablet,Tunde,3,391.03,,refunded,
ORD-11822,2025-04-26,Abuja,Laptop,Kofi,9,971.59,,paid,
ORD-11823,2025-05-16,Abuja,Laptop,Zainab,5,989.70,0.09,pending,
ORD-11824,2025-12-08,Cape Town,Monitor,Thandi,12,219.88,,paid,
ORD-11825,2025-05-13,Cairo,Headphones,Kofi,7,81.49,,refunded,
ORD-11826,2025-04-10,Lagos,Phone,Zainab,3,641.34,,paid,
ORD-11827,2025-02-03,Accra,Tablet,Omar,4,391.10,,pending,
ORD-11828,2025-08-05,Cairo,Phone,Zainab,3,660.97,,paid,
ORD-11829,2025-09-06,Accra,Keyboard,Tunde,11,47.50,0.01,refunded,"  needs follow-up, ""urgent"" "
ORD-11830,2025-10-07,Cairo,Headphones,Thandi,7,82.58,,pending,"  needs follow-up, ""urgent"" "
ORD-11831,2025-03-25,Cape Town,Laptop,Thandi,1,986.99,,paid,
ORD-11832,2025-05-09,Lagos,Keyboard,Omar,12,41.42,0.19,pending,
ORD-11833,2025-10-18,Cape Town,Laptop,Ada,9,880.98,,paid,
ORD-11834,2025-09-07,Cape Town,Monitor,Ada,5,226.98,0.25,refunded,"gift wrap
second line"
ORD-11835,2025-03-18,Nairobi,Phone,Tunde,6,658.35,,paid,
ORD-11836,2025-10-01,Abuja,Monitor,Kofi,4,248.02,,refunded,
ORD-11837,2025-03-21,Nairobi,Headphones,Tunde,2,82.79,,refunded,
ORD-11838,2025-06-17,Abuja,Phone,Kofi,2,582.22,,paid,
ORD-11839,2025-03-02,Lagos,Monitor,Omar,12,227.31,,refunded,
ORD-11840,2025-11-04,Cape Town,Keyboard,Wanjiru,1,42.78,,pending,
ORD-11841,2025-05-25,Abuja,Tablet,Ada,5,437.79,,paid,
ORD-11842,2025-06-10,Nairobi,Laptop,Wanjiru,10,994.15,0.09,paid,
ORD-11843,2025-02-01,Lagos,Phone,Tunde,4,610.10,,paid,
ORD-11844,2025-06-27,Cape Town,Keyboard,Wanjiru,10,43.83,,paid,
ORD-11845,2025-12-26,Abuja,Tablet,Zainab,3,413.96,,paid,
ORD-11846,2025-09-20,Accra,Headphones,Kofi,5,81.57,0.20,pending,
ORD-11847,2025-07-08,Abuja,Phone,Ada,6,601.31,0.24,paid,
ORD-11848,2025-05-26,Abuja,Tablet,Ada,9,432.48,,paid,
ORD-11849,2025-07-25,Accra,Phone,Ada,9,623.98,,refunded,
ORD-11850,2025-10-07,Accra,Tablet,Tunde,10,408.84,0.06,pending,
ORD-11851,2025-09-26,Accra,Monitor,Tunde,4,241.07,0.24,paid,
ORD-11852,2025-02-15,Abuja,Headphones,Kofi,1,78.40,,pending,
ORD-11853,2025-02-28,Lagos,Phone,Thandi,7,560.58,0.10,paid,
ORD-11854,2025-02-21,Abuja,Laptop,Kofi,11,954.71,,paid,
ORD-11855,2025-06-13,Abuja,Phone,Wanjiru,7,672.69,,pending,
ORD-11856,2025-02-09,Accra,Headphones,Ada,6,90.09,,refunded,
ORD-11857,2025-10-01,Accra,Monitor,Kofi,1,224.67,,paid,
ORD-11858,2025-12-30,Cairo,Phone,Tunde,12,600.16,,paid,
ORD-11859,2025-09-12,Accra,Keyboard,Thandi,9,45.87,,paid,
ORD-11860,2025-12-29,Lagos,Headphones,Zainab,6,92.56,,paid,
ORD-11861,2025-09-03,Cairo,Keyboard,Zainab,10,47.37,0.08,paid,
ORD-11862,2025-10-02,Lagos,Headphones,Thandi,11,88.83,,refunded,
ORD-11863,2025-03-28,Cape Town,Tablet,Thandi,7,424.28,,paid,
ORD-11864,2025-08-16,Abuja,Headphones,Omar,10,78.90,,pending,
ORD-11865,2025-07-20,Cairo,Tablet,Wanjiru,10,432.09,,refunded,
ORD-11866,2025-02-03,Nairobi,Tablet,Ada,3,397.95,0.21,paid,
ORD-11867,2025-11-29,Lagos,Phone,Ada,4,583.54,,paid,
ORD-11868,2025-10-04,Nairobi,Tablet,Omar,12,378.99,0.21,paid,
ORD-11869,2025-09-05,Accra,Tablet,Kofi,3,427.72,,paid,
ORD-11870,2025-03-09,Abuja,Laptop,Thandi,11,936.59,,paid,
ORD-11871,2025-01-11,Lagos,Monitor,Kofi,9,244.99,0.15,pending,
ORD-11872,2025-06-01,Cape Town,Laptop,Tunde,10,902.31,0.21,paid,
ORD-11873,2025-06-19,Accra,Headphones,Tunde,11,84.78,,paid,
ORD-11874,2025-02-07,Accra,Phone,Omar,9,666.65,0.19,paid,
ORD-11875,2025-08-14,Accra,Phone,Tunde,5,597.88,,refunded,
ORD-11876,2025-01-01,Abuja,Keyboard,Tunde,11,46.73,,paid,
ORD-11877,2025-05-22,Cape Town,Laptop,Omar,7,878.11,0.01,paid,
ORD-11878,2025-09-14,Lagos,Tablet,Ada,10,371.42,,paid,
ORD-11879,2025-10-01,Cairo,Keyboard,Thandi,9,43.47,0.02,pending,
ORD-11880,2025-11-08,Nairobi,Tablet,Omar,9,437.21,,pending,
ORD-11881,2025-03-13,Cape Town,Laptop,Ada,5,898.38,0.23,refunded,
ORD-11882,2025-05-23,Cairo,Phone,Tunde,4,633.93,,paid,
ORD-11883,2025-03-03,Lagos,Monitor,Tunde,8,244.62,,paid,
ORD-11884,2025-11-04,Cairo,Keyboard,Wanjiru,2,45.46,,pending,
ORD-11885,2025-02-13,Cape Town,Phone,Omar,11,579.57,,paid,
ORD-11886,2025-11-24,Lagos,Phone,Kofi,3,673.45,,paid,
ORD-11887,2025-01-21,Cairo,Phone,Zainab,1,560.02,,paid,
ORD-11888,2025-08-17,Cape Town,Monitor,Kofi,1,237.63,,refunded,"gift wrap
second line"
ORD-11889,2025-12-13,Cape Town,Laptop,Ada,11,860.03,,paid,
ORD-11890,2025-05-19,Abuja,Monitor,Zainab,10,217.30,,paid,
ORD-11891,2025-01-11,Abuja,Keyboard,Wanjiru,9,41.62,,pending,
ORD-11892,2025-08-17,Abuja,Tablet,Ada,2,420.80,,paid,"  needs follow-up, ""urgent"" "
ORD-11893,2025-01-21,Abuja,Laptop,Wanjiru,12,884.73,,paid,
ORD-11894,2025-07-01,Cape Town,Headphones,Wanjiru,4,78.71,,paid,
ORD-11895,2025-09-14,Cairo,Laptop,Zainab,6,914.81,0.19,refunded,
ORD-11896,2025-08-05,Abuja,Monitor,Omar,3,249.84,,paid,
ORD-11897,2025-12-21,Cairo,Phone,Ada,5,558.16,,paid,
ORD-11898,2025-08-17,Lagos,Headphones,Ada,11,89.05,0.21,refunded,
ORD-11899,2025-06-16,Cape Town,Laptop,Wanjiru,7,1023.50,,pending,
ORD-11900,2025-04-01,Cairo,Headphones,Zainab,5,90.89,,paid,
ORD-11901,2025-01-19,Cairo,Keyboard,Kofi,4,49.43,0.02,pending,"  needs follow-up, ""urgent"" "
ORD-11902,2025-04-07,Nairobi,Monitor,Zainab,10,237.92,,pending,
ORD-11903,2025-02-08,Nairobi,Headphones,Ada,8,87.60,0.15,paid,
ORD-11904,2025-01-06,Lagos,Monitor,Wanjiru,8,229.63,,paid,
ORD-11905,2025-04-13,Nairobi,Monitor,Zainab,11,217.26,,pending,
ORD-11906,2025-03-23,Cairo,Headphones,Kofi,8,87.45,,pending,
ORD-11907,2025-03-04,Cape Town,Keyboard,Ada,4,40.52,,paid,
ORD-11908,2025-12-30,Nairobi,Keyboard,Omar,7,41.57,,pending,
ORD-11909,2025-05-05,Lagos,Laptop,Kofi,5,888.36,,paid,
ORD-11910,2025-07-28,Abuja,Phone,Omar,7,635.86,,paid,
ORD-11911,2025-10-14,Abuja,Keyboard,Thandi,4,46.43,0.10,paid,
ORD-11912,2025-03-10,Cairo,Tablet,Thandi,7,426.86,0.11,paid,
ORD-11913,2025-05-27,Nairobi,Monitor,Omar,3,226.91,,paid,
ORD-11914,2025-01-30,Nairobi,Laptop,Wanjiru,9,959.89,,paid,
ORD-11915,2025-02-14,Cape Town,Tablet,Zainab,10,404.09,,paid,
ORD-11916,2025-04-04,Cairo,Tablet,Omar,1,376.82,0.03,refunded,
ORD-11917,2025-11-30,Nairobi,Keyboard,Tunde,12,45.58,,paid,"gift wrap
second line"
ORD-11918,2025-03-16,Nairobi,Keyboard,Zainab,3,44.81,,refunded,
ORD-11919,2025-08-20,Abuja,Tablet,Kofi,5,450.12,,paid,"  needs follow-up, ""urgent"" "
ORD-11920,2025-09-04,Cairo,Headphones,Omar,12,82.44,0.22,paid,
ORD-11921,2025-09-14,Cape Town,Monitor,Ada,4,231.29,,pending,
ORD-11922,2025-06-12,Lagos,Phone,Tunde,9,655.67,,paid,
ORD-11923,2025-01-19,Cape Town,Laptop,Zainab,4,941.18,0.07,paid,
ORD-11924,2025-01-31,Cairo,Laptop,Ada,11,1037.91,,paid,
ORD-11925,2025-11-14,Cape Town,Laptop,Kofi,1,1000.50,,refunded,
ORD-11926,2025-04-19,Cape Town,Laptop,Zainab,9,955.76,,pending,
ORD-11927,2025-07-12,Cape Town,Tablet,Ada,2,391.91,,paid,
ORD-11928,2025-03-11,Cairo,Headphones,Tunde,3,77.55,,pending,
ORD-11929,2025-08-07,Cairo,Laptop,Kofi,7,903.27,,paid,
ORD-11930,2025-01-20,Abuja,Phone,Omar,7,597.79,,paid,
ORD-11931,2025-09-12,Cairo,Phone,Omar,8,566.23,,paid,
ORD-11932,2025-12-16,Cairo,Headphones,Kofi,6,78.06,0.15,refunded,
ORD-11933,2025-10-02,Nairobi,Tablet,Tunde,4,417.49,,pending,
ORD-11934,2025-09-03,Accra,Tablet,Kofi,7,407.01,0.16,pending,
ORD-11935,2025-12-01,Accra,Laptop,Zainab,7,1021.81,0.07,refunded,"  needs follow-up, ""urgent"" "
ORD-11936,2025-12-04,Cairo,Headphones,Zainab,1,92.11,,paid,
ORD-11937,2025-04-12,Nairobi,Keyboard,Kofi,11,48.38,,refunded,
ORD-11938,2025-02-10,Accra,Monitor,Tunde,12,235.05,0.09,paid,"gift wrap
second line"
ORD-11939,2025-12-03,Nairobi,Headphones,Omar,10,88.26,,paid,"  needs follow-up, ""urgent"" "
ORD-11940,2025-01-30,Lagos,Headphones,Zainab,10,77.46,,paid,
ORD-11941,2025-07-05,Abuja,Tablet,Kofi,8,422.79,,paid,"  needs follow-up, ""urgent"" "
ORD-11942,2025-05-21,Cape Town,Tablet,Wanjiru,6,376.09,0.12,paid,
ORD-11943,2025-03-26,Cairo,Tablet,Ada,8,431.58,,paid,
ORD-11944,2025-07-30,Cape Town,Phone,Ada,3,590.64,0.03,refunded,
ORD-11945,2025-03-19,Cairo,Keyboard,Kofi,5,43.54,,refunded,
ORD-11946,2025-03-18,Lagos,Laptop,Wanjiru,3,969.67,0.19,refunded,
ORD-11947,2025-04-12,Cairo,Tablet,Tunde,8,421.73,0.08,paid,
ORD-11948,2025-07-12,Lagos,Headphones,Tunde,6,88.84,,paid,
ORD-11949,2025-10-21,Abuja,Laptop,Zainab,9,893.45,,paid,
ORD-11950,2025-05-10,Accra,Laptop,Thandi,3,1006.48,0.15,pending,
ORD-11951,2025-10-10,Cairo,Keyboard,Ada,8,42.02,,refunded,
ORD-11952,2025-04-09,Cairo,Tablet,Thandi,5,439.97,0.23,paid,
ORD-11953,2025-03-12,Cairo,Laptop,Omar,3,870.71,,pending,"gift wrap
second line"
ORD-11954,2025-12-26,Lagos,Laptop,Wanjiru,3,978.69,,paid,
ORD-11955,2025-11-30,Lagos,Phone,Wanjiru,8,616.23,,refunded,
ORD-11956,2025-02-10,Cairo,Keyboard,Wanjiru,9,40.59,,refunded,
ORD-11957,2025-07-15,Abuja,Headphones,Ada,4,78.46,,pending,"  needs follow-up, ""urgent"" "
ORD-11958,2025-05-22,Cairo,Laptop,Omar,1,989.44,0.22,paid,
ORD-11959,2025-08-13,Nairobi,Laptop,Omar,12,1022.52,,paid,
ORD-11960,2025-02-19,Lagos,Phone,Tunde,7,597.29,0.05,paid,
ORD-11961,2025-04-02,Cape Town,Monitor,Ada,8,231.55,0.18,paid,
ORD-11962,2025-08-06,Nairobi,Monitor,Omar,6,235.34,0.09,pending,"gift wrap
second line"
ORD-11963,2025-07-20,Abuja,Phone,Zainab,9,573.06,,pending,
ORD-11964,2025-03-25,Accra,Headphones,Kofi,4,85.95,,refunded,
ORD-11965,2025-11-06,Accra,Headphones,Wanjiru,5,77.46,,paid,
ORD-11966,2025-10-01,Lagos,Phone,Ada,3,600.68,,refunded,"gift wrap
second line"
ORD-11967,2025-11-16,Cairo,Keyboard,Tunde,8,47.57,,pending,
ORD-11968,2025-02-16,Abuja,Headphones,Zainab,6,87.56,0.06,paid,
ORD-11969,2025-07-05,Abuja,Phone,Zainab,9,620.85,0.07,paid,
ORD-11970,2025-02-26,Cairo,Monitor,Ada,1,214.96,,paid,
ORD-11971,2025-06-24,Lagos,Laptop,Tunde,4,991.27,,refunded,
ORD-11972,2025-08-22,Nairobi,Headphones,Tunde,2,91.43,,paid,
ORD-11973,2025-02-12,Lagos,Monitor,Omar,5,241.14,0.18,pending,
ORD-11974,2025-02-25,Lagos,Laptop,Wanjiru,4,868.98,,refunded,
ORD-11975,2025-04-05,Accra,Laptop,Thandi,6,962.85,,pending,
ORD-11976,2025-11-23,Accra,Laptop,Ada,5,893.64,,refunded,"  needs follow-up, ""urgent"" "
ORD-11977,2025-03-29,Cape Town,Headphones,Tunde,1,88.54,0.10,pending,
ORD-11978,2025-01-27,Nairobi,Headphones,Wanjiru,1,87.47,,refunded,
ORD-11979,2025-02-14,Cape Town,Laptop,Thandi,8,958.32,0.24,paid,
ORD-11980,2025-02-08,Accra,Monitor,Ada,5,215.29,0.04,paid,
ORD-11981,2025-04-16,Lagos,Headphones,Ada,8,86.55,,paid,
ORD-11982,2025-05-25,Accra,Phone,Zainab,8,562.51,0.07,paid,"  needs follow-up, ""urgent"" "
ORD-11983,2025-12-05,Lagos,Headphones,Thandi,2,88.37,,paid,
ORD-11984,2025-10-25,Nairobi,Monitor,Wanjiru,2,211.88,0.01,pending,
ORD-11985,2025-12-23,Cairo,Keyboard,Omar,6,44.37,0.07,refunded,
ORD-11986,2025-05-30,Cape Town,Monitor,Tunde,7,213.72,0.04,pending,
ORD-11987,2025-05-24,Nairobi,Laptop,Omar,3,928.60,0.09,refunded,
ORD-11988,2025-11-19,Nairobi,Laptop,Zainab,1,868.05,0.20,pending,
ORD-11989,2025-06-15,Accra,Laptop,Omar,2,940.84,,paid,
ORD-11990,2025-03-22,Cape Town,Headphones,Kofi,11,79.70,0.01,paid,
ORD-11991,2025-10-20,Accra,Laptop,Tunde,8,923.84,0.20,paid,
ORD-11992,2025-10-18,Lagos,Monitor,Tunde,8,209.24,,refunded,
ORD-11993,2025-07-08,Cape Town,Headphones,Wanjiru,8,83.51,0.24,pending,
ORD-11994,2025-08-10,Accra,Monitor,Wanjiru,5,243.64,0.16,refunded,
ORD-11995,2025-12-28,Cape Town,Phone,Kofi,9,587.66,,paid,
ORD-11996,2025-07-05,Cape Town,Keyboard,Wanjiru,8,43.44,0.25,paid,
ORD-11997,2025-04-29,Abuja,Monitor,Wanjiru,8,239.15,,refunded,
ORD-11998,2025-01-25,Cairo,Tablet,Omar,5,431.51,,pending,
ORD-11999,2025-02-22,Lagos,Phone,Zainab,3,677.26,,paid,
ORD-12000,2025-02-28,Abuja,Laptop,Zainab,1,975.90,,paid,"  needs follow-up, ""urgent"" "
ORD-12001,2025-11-10,Nairobi,Tablet,Tunde,6,428.03,,paid,"  needs follow-up, ""urgent"" "
ORD-12002,2025-05-31,Cairo,Laptop,Wanjiru,10,862.60,0.07,paid,
ORD-12003,2025-10-25,Cape Town,Keyboard,Thandi,2,43.81,0.16,paid,
ORD-12004,2025-04-06,Cape Town,Laptop,Thandi,6,994.98,0.05,pending,
ORD-12005,2025-11-22,Accra,Tablet,Kofi,11,387.89,0.02,paid,
ORD-12006,2025-07-28,Cape Town,Keyboard,Wanjiru,11,46.42,,paid,
ORD-12007,2025-09-03,Accra,Phone,Ada,5,645.71,,paid,
ORD-12008,2025-01-13,Accra,Tablet,Tunde,7,393.40,,pending,
ORD-12009,2025-04-24,Accra,Laptop,Wanjiru,6,1024.24,,paid,
ORD-12010,2025-03-15,Abuja,Monitor,Zainab,5,239.29,,paid,
ORD-12011,2025-03-10,Accra,Laptop,Ada,3,1039.24,0.06,refunded,
ORD-12012,2025-04-11,Lagos,Monitor,Ada,6,216.31,0.04,paid,
ORD-12013,2025-10-29,Nairobi,Phone,Thandi,11,562.80,,refunded,
ORD-12014,2025-12-31,Abuja,Headphones,Kofi,1,81.79,0.11,pending,
ORD-12015,2025-03-05,Nairobi,Laptop,Omar,5,1042.78,,paid,
ORD-12016,2025-02-09,Abuja,Headphones,Wanjiru,12,91.56,,paid,"gift wrap
second line"
ORD-12017,2025-09-10,Abuja,Keyboard,Kofi,9,46.77,0.04,refunded,"gift wrap
second line"
ORD-12018,2025-02-26,Nairobi,Phone,Wanjiru,2,620.76,0.03,pending,
ORD-12019,2025-09-03,Abuja,Keyboard,Wanjiru,5,48.96,0.11,refunded,
ORD-12020,2025-07-02,Nairobi,Headphones,Kofi,12,91.38,,pending,"  needs follow-up, ""urgent"" "
ORD-12021,2025-09-28,Accra,Monitor,Kofi,10,216.49,,pending,
ORD-12022,2025-09-25,Cairo,Headphones,Kofi,1,87.55,,paid,
ORD-12023,2025-03-26,Cape Town,Tablet,Omar,1,373.69,,refunded,
ORD-12024,2025-02-07,Cairo,Monitor,Kofi,3,221.72,,refunded,
ORD-12025,2025-12-28,Nairobi,Keyboard,Thandi,5,48.67,,paid,
ORD-12026,2025-03-23,Cairo,Tablet,Kofi,3,386.67,,paid,
ORD-12027,2025-05-25,Cape Town,Tablet,Zainab,3,387.54,,paid,
ORD-12028,2025-04-03,Nairobi,Phone,Thandi,5,584.07,0.16,pending,
ORD-12029,2025-07-26,Lagos,Keyboard,Thandi,6,44.20,,pending,"  needs follow-up, ""urgent"" "
ORD-12030,2025-05-09,Accra,Tablet,Zainab,5,433.61,0.04,paid,
ORD-12031,2025-08-15,Nairobi,Keyboard,Omar,12,43.21,,refunded,"  needs follow-up, ""urgent"" "
ORD-12032,2025-06-03,Abuja,Keyboard,Tunde,10,41.23,,refunded,
ORD-12033,2025-10-06,Abuja,Laptop,Omar,11,877.32,0.23,paid,
ORD-12034,2025-09-22,Cairo,Monitor,Wanjiru,7,209.55,,paid,
ORD-12035,2025-08-09,Nairobi,Keyboard,Ada,2,44.51,,paid,
ORD-12036,2025-05-15,Cairo,Monitor,Tunde,3,226.51,,paid,
ORD-12037,2025-12-30,Abuja,Headphones,Kofi,2,91.08,,paid,
ORD-12038,2025-02-11,Lagos,Keyboard,Tunde,4,49.10,,paid,
ORD-12039,2025-12-10,Cape Town,Monitor,Wanjiru,4,243.72,0.23,paid,
ORD-12040,2025-11-13,Nairobi,Laptop,Ada,8,1002.43,,paid,
ORD-12041,2025-02-06,Nairobi,Headphones,Thandi,2,81.89,,pending,
ORD-12042,2025-01-26,Accra,Keyboard,Ada,3,46.81,,paid,
ORD-12043,2025-11-30,Lagos,Tablet,Omar,2,441.08,,paid,
ORD-12044,2025-02-08,Abuja,Keyboard,Kofi,4,44.00,0.04,paid,
ORD-12045,2025-06-26,Nairobi,Monitor,Zainab,10,245.21,,paid,
ORD-12046,2025-05-06,Cairo,Tablet,Ada,7,387.73,,paid,
ORD-12047,2025-02-01,Accra,Phone,Zainab,6,652.30,,paid,
ORD-12048,2025-11-29,Cairo,Tablet,Thandi,8,427.74,,pending,
ORD-12049,2025-03-26,Lagos,Headphones,Ada,4,92.64,,paid,
ORD-12050,2025-07-01,Abuja,Monitor,Zainab,3,247.02,0.05,paid,
ORD-12051,2025-10-21,Lagos,Keyboard,Thandi,9,47.60,0.10,paid,
ORD-12052,2025-08-24,Lagos,Monitor,Omar,8,214.93,0.15,pending,
ORD-12053,2025-06-22,Nairobi,Laptop,Tunde,8,863.80,,pending,
ORD-12054,2025-12-02,Accra,Phone,Wanjiru,9,664.67,,paid,
ORD-12055,2025-11-23,Nairobi,Tablet,Kofi,10,421.61,,paid,
ORD-12056,2025-08-03,Accra,Keyboard,Omar,6,43.17,,paid,
ORD-12057,2025-05-24,Cairo,Phone,Omar,9,601.64,,paid,
ORD-12058,2025-04-12,Lagos,Laptop,Kofi,3,925.64,,paid,
ORD-12059,2025-06-09,Cape Town,Phone,Thandi,10,608.45,0.20,paid,
ORD-12060,2025-12-26,Nairobi,Phone,Thandi,9,654.69,,pending,
ORD-12061,2025-06-20,Accra,Keyboard,Ada,12,43.04,,paid,
ORD-12062,2025-05-09,Cairo,Headphones,Zainab,3,90.40,,refunded,
ORD-12063,2025-06-30,Cairo,Tablet,Tunde,8,421.02,,paid,
ORD-12064,2025-12-12,Nairobi,Phone,Kofi,5,637.48,0.13,paid,
ORD-12065,2025-08-04,Nairobi,Monitor,Zainab,2,239.31,,paid,
ORD-12066,2025-01-08,Lagos,Headphones,Thandi,4,79.04,,pending,
ORD-12067,2025-11-22,Cairo,Tablet,Thandi,7,374.09,,pending,
ORD-12068,2025-03-04,Lagos,Monitor,Tunde,11,235.34,,paid,
ORD-12069,2025-09-10,Cape Town,Keyboard,Wanjiru,10,44.97,0.24,paid,
ORD-12070,2025-09-16,Abuja,Tablet,Ada,11,421.58,,paid,
ORD-12071,2025-10-22,Cairo,Laptop,Ada,7,871.36,,paid,
ORD-12072,2025-09-19,Abuja,Tablet,Tunde,5,382.89,,paid,
ORD-12073,2025-04-25,Accra,Headphones,Wanjiru,9,90.76,,pending,
ORD-12074,2025-12-24,Accra,Laptop,Ada,10,1024.67,,paid,
ORD-12075,2025-01-05,Lagos,Tablet,Kofi,7,409.15,,paid,
ORD-12076,2025-01-27,Cape Town,Headphones,Wanjiru,10,92.48,,pending,
ORD-12077,2025-06-22,Accra,Monitor,Wanjiru,7,216.72,,paid,
ORD-12078,2025-04-22,Cairo,Monitor,Thandi,3,247.97,,paid,
ORD-12079,2025-06-12,Lagos,Keyboard,Kofi,1,42.22,,paid,
ORD-12080,2025-08-09,Abuja,Headphones,Wanjiru,9,79.27,,paid,
ORD-12081,2025-08-06,Nairobi,Laptop,Thandi,3,859.78,,pending,
ORD-12082,2025-03-30,Nairobi,Monitor,Tunde,4,226.76,,pending,
ORD-12083,2025-02-11,Accra,Monitor,Ada,5,223.83,,refunded,"  needs follow-up, ""urgent"" "
ORD-12084,2025-07-14,Abuja,Laptop,Omar,6,997.95,0.05,paid,
ORD-12085,2025-01-29,Accra,Phone,Kofi,9,585.52,0.02,paid,
ORD-12086,2025-08-09,Accra,Keyboard,Zainab,12,49.21,,refunded,
ORD-12087,2025-09-22,Accra,Laptop,Thandi,7,996.48,0.04,paid,"gift wrap
second line"
ORD-12088,2025-05-28,Accra,Phone,Tunde,8,634.56,,paid,
ORD-12089,2025-01-31,Lagos,Monitor,Ada,11,245.32,,pending,
ORD-12090,2025-10-23,Accra,Keyboard,Zainab,3,42.03,,paid,"  needs follow-up, ""urgent"" "
ORD-12091,2025-11-28,Cairo,Phone,Kofi,11,681.02,,refunded,
ORD-12092,2025-06-24,Accra,Monitor,Kofi,7,227.07,0.17,pending,
ORD-12093,2025-07-17,Lagos,Monitor,Kofi,2,211.23,,paid,
ORD-12094,2025-01-14,Lagos,Monitor,Ada,5,207.22,,paid,
ORD-12095,2025-01-16,Accra,Keyboard,Zainab,4,42.63,0.17,paid,
ORD-12096,2025-03-25,Accra,Keyboard,Thandi,9,46.57,0.03,paid,"  needs follow-up, ""urgent"" "
ORD-12097,2025-05-17,Cape Town,Keyboard,Tunde,8,45.98,,paid,
ORD-12098,2025-06-18,Cairo,Laptop,Ada,12,920.57,0.04,paid,
ORD-12099,2025-04-13,Accra,Laptop,Omar,8,1020.14,,paid,
ORD-12100,2025-03-13,Abuja,Tablet,Ada,3,384.59,,pending,
ORD-12101,2025-02-15,Lagos,Monitor,Zainab,11,236.98,0.08,pending,
ORD-12102,2025-02-19,Lagos,Keyboard,Kofi,12,43.47,,paid,
ORD-12103,2025-10-24,Cairo,Headphones,Tunde,11,91.80,0.19,paid,"gift wrap
second line"
ORD-12104,2025-07-16,Nairobi,Laptop,Wanjiru,6,1016.26,,paid,
ORD-12105,2025-11-05,Abuja,Headphones,Zainab,12,89.47,,pending,
ORD-12106,2025-06-01,Lagos,Monitor,Omar,3,226.97,,refunded,
ORD-12107,2025-01-21,Cairo,Monitor,Wanjiru,7,213.01,,paid,
ORD-12108,2025-05-10,Cairo,Phone,Ada,3,619.22,0.16,refunded,
ORD-12109,2025-08-31,Abuja,Monitor,Kofi,9,212.76,,paid,
ORD-12110,2025-05-08,Accra,Tablet,Omar,11,433.99,,paid,
ORD-12111,2025-07-26,Abuja,Laptop,Ada,7,900.32,,paid,
ORD-12112,2025-08-17,Abuja,Laptop,Thandi,2,960.72,0.18,paid,
ORD-12113,2025-11-28,Nairobi,Tablet,Tunde,2,408.52,0.00,paid,
ORD-12114,2025-09-27,Lagos,Headphones,Ada,12,91.62,0.04,paid,
ORD-12115,2025-01-26,Lagos,Monitor,Ada,11,208.16,,paid,
ORD-12116,2025-06-09,Lagos,Monitor,Thandi,1,219.26,0.04,paid,
ORD-12117,2025-10-01,Cairo,Phone,Ada,8,626.32,,pending,
ORD-12118,2025-07-08,Cape Town,Phone,Tunde,2,611.70,,refunded,
ORD-12119,2025-12-24,Accra,Tablet,Omar,7,448.76,,paid,
ORD-12120,2025-04-08,Cape Town,Tablet,Omar,4,437.48,,paid,
ORD-12121,2025-02-22,Abuja,Laptop,Thandi,11,1043.06,0.13,paid,
ORD-12122,2025-05-13,Accra,Keyboard,Thandi,11,45.32,,paid,
ORD-12123,2025-08-24,Nairobi,Laptop,Ada,6,983.81,,paid,
ORD-12124,2025-09-27,Nairobi,Keyboard,Ada,6,41.24,,paid,
ORD-12125,2025-05-01,Nairobi,Monitor,Omar,6,243.01,,pending,
ORD-12126,2025-05-14,Lagos,Phone,Ada,2,645.59,,paid,
ORD-12127,2025-10-05,Accra,Laptop,Thandi,3,888.32,,paid,
ORD-12128,2025-01-29,Cairo,Keyboard,Thandi,4,43.85,,paid,
ORD-12129,2025-05-02,Nairobi,Laptop,Kofi,10,917.79,,paid,
ORD-12130,2025-11-04,Lagos,Keyboard,Kofi,2,40.93,,paid,
ORD-12131,2025-09-12,Lagos,Headphones,Wanjiru,7,78.49,,paid,
ORD-12132,2025-06-07,Cairo,Keyboard,Ada,10,43.83,,refunded,
ORD-12133,2025-03-30,Accra,Phone,Omar,9,628.89,,paid,
ORD-12134,2025-08-03,Nairobi,Tablet,Thandi,11,440.62,,refunded,"  needs follow-up, ""urgent"" "
ORD-12135,2025-09-16,Cape Town,Monitor,Wanjiru,1,228.24,,paid,
ORD-12136,2025-12-14,Abuja,Laptop,Tunde,8,1035.52,0.03,paid,
ORD-12137,2025-09-04,Accra,Tablet,Thandi,3,393.72,,paid,
ORD-12138,2025-12-06,Accra,Headphones,Thandi,3,87.09,,refunded,
ORD-12139,2025-01-07,Accra,Monitor,Tunde,6,227.54,0.10,paid,
ORD-12140,2025-08-22,Accra,Monitor,Kofi,4,239.73,0.01,paid,
ORD-12141,2025-11-16,Accra,Keyboard,Wanjiru,6,41.70,0.15,refunded,
ORD-12142,2025-09-02,Cairo,Laptop,Omar,12,863.93,,paid,
ORD-12143,2025-07-02,Abuja,Headphones,Omar,2,78.89,,paid,
ORD-12144,2025-07-04,Cape Town,Tablet,Tunde,6,412.47,,refunded,
ORD-12145,2025-02-07,Cape Town,Phone,Ada,5,565.88,,pending,"gift wrap
second line"
ORD-12146,2025-02-25,Accra,Phone,Ada,7,669.37,,pending,
ORD-12147,2025-04-17,Lagos,Phone,Thandi,8,673.47,0.25,pending,
ORD-12148,2025-12-23,Lagos,Headphones,Zainab,7,87.87,,paid,
ORD-12149,2025-10-28,Nairobi,Laptop,Kofi,8,865.56,,pending,
ORD-12150,2025-01-25,Abuja,Keyboard,Wanjiru,6,41.53,,pending,
ORD-12151,2025-08-03,Cape Town,Keyboard,Kofi,2,43.69,,paid,
ORD-12152,2025-05-13,Lagos,Keyboard,Omar,5,46.39,,paid,
ORD-12153,2025-11-19,Abuja,Tablet,Ada,2,444.07,0.03,paid,
ORD-12154,2025-07-23,Abuja,Headphones,Kofi,10,76.90,0.05,pending,
ORD-12155,2025-10-24,Abuja,Laptop,Kofi,1,866.93,,paid,
ORD-12156,2025-10-29,Abuja,Tablet,Omar,2,412.15,,pending,
ORD-12157,2025-12-03,Nairobi,Monitor,Wanjiru,5,208.41,,paid,
ORD-12158,2025-11-27,Lagos,Phone,Wanjiru,11,577.55,0.05,paid,"gift wrap
second line"
ORD-12159,2025-06-05,Cairo,Monitor,Zainab,8,247.44,,paid,"gift wrap
second line"
ORD-12160,2025-12-11,Accra,Headphones,Omar,2,90.17,,paid,
ORD-12161,2025-08-06,Accra,Headphones,Tunde,7,83.54,,paid,
ORD-12162,2025-02-18,Accra,Keyboard,Omar,3,40.85,,paid,
ORD-12163,2025-07-20,Cape Town,Monitor,Wanjiru,7,247.85,,paid,
ORD-12164,2025-09-12,Cape Town,Keyboard,Thandi,9,44.18,,paid,
ORD-12165,2025-07-08,Cape Town,Headphones,Kofi,7,84.69,0.20,paid,
ORD-12166,2025-05-15,Nairobi,Keyboard,Ada,10,47.78,,refunded,
ORD-12167,2025-07-14,Cairo,Keyboard,Kofi,11,40.60,0.12,paid,
ORD-12168,2025-07-08,Cape Town,Tablet,Zainab,6,439.44,0.19,pending,
ORD-12169,2025-09-30,Cairo,Tablet,Tunde,2,428.55,0.06,refunded,
ORD-12170,2025-07-22,Cairo,Phone,Thandi,5,600.83,,paid,"  needs follow-up, ""urgent"" "
ORD-12171,2025-09-12,Cairo,Keyboard,Ada,7,44.62,,paid,"  needs follow-up, ""urgent"" "
ORD-12172,2025-11-17,Abuja,Tablet,Thandi,11,381.30,0.01,pending,
ORD-12173,2025-12-07,Cape Town,Phone,Kofi,10,611.01,,refunded,
ORD-12174,2025-06-27,Cape Town,Laptop,Tunde,3,1044.89,0.02,paid,
ORD-12175,2025-09-05,Nairobi,Phone,Zainab,3,564.31,,refunded,
ORD-12176,2025-08-21,Accra,Monitor,Tunde,8,247.42,,pending,
ORD-12177,2025-09-07,Cape Town,Keyboard,Tunde,1,42.68,,pending,
ORD-12178,2025-03-12,Lagos,Phone,Kofi,8,605.57,,paid,"gift wrap
second line"
ORD-12179,2025-01-02,Abuja,Monitor,Tunde,10,230.38,,refunded,"gift wrap
second line"
ORD-12180,2025-07-13,Abuja,Tablet,Zainab,5,373.81,0.21,pending,"  needs follow-up, ""urgent"" "
ORD-12181,2025-07-27,Nairobi,Monitor,Kofi,1,208.05,0.15,paid,
ORD-12182,2025-10-12,Abuja,Keyboard,Zainab,3,43.26,0.07,paid,
ORD-12183,2025-02-25,Accra,Laptop,Tunde,5,970.37,,paid,
ORD-12184,2025-08-08,Lagos,Monitor,Kofi,9,210.95,,pending,
ORD-12185,2025-04-18,Abuja,Headphones,Thandi,6,83.10,0.19,paid,
ORD-12186,2025-11-22,Lagos,Laptop,Omar,10,907.39,,pending,
ORD-12187,2025-11-22,Cairo,Phone,Wanjiru,5,640.84,,pending,
ORD-12188,2025-01-21,Cape Town,Laptop,Wanjiru,8,879.50,,paid,
ORD-12189,2025-05-03,Lagos,Phone,Zainab,12,675.46,,pending,
ORD-12190,2025-10-30,Cape Town,Keyboard,Thandi,3,45.35,,refunded,
ORD-12191,2025-09-06,Nairobi,Phone,Tunde,7,629.85,,paid,
ORD-12192,2025-05-18,Accra,Headphones,Tunde,2,85.20,,paid,
ORD-12193,2025-03-19,Abuja,Laptop,Wanjiru,3,933.42,,paid,
ORD-12194,2025-10-30,Abuja,Tablet,Thandi,3,416.34,,pending,
ORD-12195,2025-11-05,Abuja,Headphones,Omar,5,84.88,0.11,paid,
ORD-12196,2025-04-09,Cairo,Laptop,Kofi,2,996.20,,pending,
ORD-12197,2025-08-03,Accra,Headphones,Thandi,11,88.44,,refunded,
ORD-12198,2025-10-03,Accra,Laptop,Wanjiru,8,1024.76,,paid,
ORD-12199,2025-05-19,Nairobi,Laptop,Tunde,6,956.72,,paid,"gift wrap
second line"
ORD-12200,2025-12-27,Cape Town,Headphones,Kofi,6,92.15,,paid,
ORD-12201,2025-10-13,Cairo,Laptop,Kofi,4,986.44,,paid,
ORD-12202,2025-04-15,Cairo,Monitor,Tunde,9,230.39,,paid,
ORD-12203,2025-02-01,Lagos,Headphones,Tunde,11,88.20,0.18,pending,
ORD-12204,2025-01-04,Lagos,Keyboard,Wanjiru,8,47.84,0.03,pending,
ORD-12205,2025-10-06,Abuja,Keyboard,Wanjiru,9,42.02,,paid,
ORD-12206,2025-01-03,Abuja,Tablet,Kofi,3,376.19,0.17,pending,
ORD-12207,2025-04-09,Nairobi,Headphones,Omar,6,76.52,,refunded,
ORD-12208,2025-01-05,Cairo,Keyboard,Omar,7,42.46,0.02,pending,"gift wrap
second line"
ORD-12209,2025-10-14,Nairobi,Laptop,Kofi,12,870.32,,paid,
ORD-12210,2025-10-23,Abuja,Phone,Zainab,8,579.41,0.04,pending,
ORD-12211,2025-05-22,Lagos,Headphones,Wanjiru,7,85.80,,paid,
ORD-12212,2025-08-29,Cairo,Tablet,Omar,6,419.12,0.13,paid,
ORD-12213,2025-01-12,Cape Town,Phone,Tunde,12,606.67,,pending,
ORD-12214,2025-08-20,Abuja,Headphones,Zainab,9,90.38,,paid,
ORD-12215,2025-05-23,Abuja,Keyboard,Kofi,8,45.91,,pending,
ORD-12216,2025-03-12,Lagos,Tablet,Omar,8,400.09,0.15,pending,
ORD-12217,2025-08-11,Cairo,Tablet,Thandi,5,393.72,,pending,
ORD-12218,2025-08-15,Cape Town,Keyboard,Kofi,4,48.36,,paid,
ORD-12219,2025-01-11,Cape Town,Headphones,Zainab,8,84.07,0.18,paid,
ORD-12220,2025-03-23,Nairobi,Monitor,Kofi,2,225.07,,paid,
ORD-12221,2025-01-28,Cape Town,Phone,Wanjiru,1,666.78,,paid,
ORD-12222,2025-02-27,Abuja,Phone,Kofi,11,588.62,0.11,pending,
ORD-12223,2025-05-11,Accra,Keyboard,Tunde,4,40.57,,paid,
ORD-12224,2025-06-27,Nairobi,Tablet,Thandi,11,373.42,,paid,
ORD-12225,2025-11-10,Abuja,Laptop,Wanjiru,2,873.68,0.01,paid,
ORD-12226,2025-10-01,Cairo,Headphones,Kofi,4,80.70,,paid,
ORD-12227,2025-07-08,Accra,Tablet,Tunde,1,431.38,,paid,
ORD-12228,2025-11-29,Abuja,Phone,Zainab,9,618.79,,pending,
ORD-12229,2025-10-10,Lagos,Headphones,Wanjiru,11,85.42,,paid,
ORD-12230,2025-12-28,Nairobi,Phone,Wanjiru,9,659.73,0.05,paid,
ORD-12231,2025-03-20,Accra,Keyboard,Thandi,2,41.36,0.23,refunded,
ORD-12232,2025-09-02,Abuja,Headphones,Kofi,5,84.89,0.06,paid,
ORD-12233,2025-07-05,Nairobi,Laptop,Omar,2,871.24,0.25,pending,
ORD-12234,2025-08-26,Cape Town,Headphones,Thandi,11,86.63,,paid,
ORD-12235,2025-11-02,Accra,Tablet,Kofi,6,430.85,,pending,
ORD-12236,2025-09-23,Cairo,Phone,Ada,7,633.80,,paid,
ORD-12237,2025-12-01,Nairobi,Laptop,Omar,3,1025.42,,paid,
ORD-12238,2025-11-25,Lagos,Phone,Wanjiru,9,647.45,0.08,paid,
ORD-12239,2025-05-02,Accra,Headphones,Ada,4,89.77,,paid,
ORD-12240,2025-06-15,Cape Town,Tablet,Kofi,9,450.61,,paid,
ORD-12241,2025-04-05,Lagos,Headphones,Wanjiru,9,79.33,,pending,
ORD-12242,2025-09-30,Lagos,Tablet,Zainab,12,407.08,,pending,
ORD-12243,2025-06-16,Lagos,Keyboard,Kofi,1,49.24,,refunded,
ORD-12244,2025-03-28,Abuja,Phone,Ada,1,596.25,0.07,paid,
ORD-12245,2025-11-28,Lagos,Laptop,Wanjiru,2,958.24,,paid,
ORD-12246,2025-02-16,Nairobi,Phone,Zainab,10,678.71,,pending,
ORD-12247,2025-08-24,Cape Town,Tablet,Tunde,2,415.41,,paid,
ORD-12248,2025-09-21,Cairo,Keyboard,Tunde,2,40.94,,paid,"  needs follow-up, ""urgent"" "
ORD-12249,2025-05-26,Cairo,Monitor,Kofi,2,215.55,,paid,
ORD-12250,2025-12-24,Cape Town,Laptop,Omar,3,1007.88,,paid,
ORD-12251,2025-05-03,Abuja,Laptop,Zainab,11,961.72,,paid,
ORD-12252,2025-07-15,Nairobi,Keyboard,Wanjiru,1,42.58,,pending,
ORD-12253,2025-11-29,Accra,Tablet,Tunde,6,371.05,0.14,refunded,
ORD-12254,2025-06-01,Nairobi,Keyboard,Zainab,1,41.02,,paid,"  needs follow-up, ""urgent"" "
ORD-12255,2025-01-26,Cairo,Tablet,Ada,10,381.15,,paid,
ORD-12256,2025-01-17,Cairo,Headphones,Omar,2,91.37,,refunded,
ORD-12257,2025-06-08,Nairobi,Laptop,Thandi,7,963.58,,pending,
ORD-12258,2025-08-30,Nairobi,Laptop,Ada,11,925.30,,paid,
ORD-12259,2025-03-12,Lagos,Laptop,Wanjiru,11,887.70,,paid,
ORD-12260,2025-11-12,Cairo,Keyboard,Thandi,6,43.27,0.02,pending,
ORD-12261,2025-12-30,Cape Town,Headphones,Thandi,5,88.10,,pending,
ORD-12262,2025-09-24,Abuja,Phone,Kofi,3,643.48,,refunded,
ORD-12263,2025-05-03,Nairobi,Keyboard,Wanjiru,6,45.82,,paid,
ORD-12264,2025-06-25,Nairobi,Tablet,Zainab,10,407.92,,paid,
ORD-12265,2025-08-06,Lagos,Headphones,Kofi,7,77.00,,paid,
ORD-12266,2025-02-16,Lagos,Keyboard,Zainab,12,46.98,0.16,paid,"gift wrap
second line"
ORD-12267,2025-06-09,Lagos,Keyboard,Thandi,3,40.99,0.06,pending,
ORD-12268,2025-12-21,Lagos,Monitor,Wanjiru,6,239.05,0.22,paid,
ORD-12269,2025-04-30,Cairo,Tablet,Wanjiru,6,410.54,,pending,
ORD-12270,2025-05-07,Nairobi,Tablet,Omar,8,414.14,,refunded,
ORD-12271,2025-02-26,Cairo,Keyboard,Wanjiru,9,46.74,,refunded,
ORD-12272,2025-04-03,Nairobi,Headphones,Zainab,5,85.13,,paid,
ORD-12273,2025-02-12,Lagos,Keyboard,Thandi,11,46.17,0.20,refunded,
ORD-12274,2025-08-20,Cape Town,Tablet,Kofi,10,409.62,,paid,
ORD-12275,2025-09-22,Accra,Phone,Omar,12,611.42,,refunded,
ORD-12276,2025-09-10,Lagos,Keyboard,Tunde,11,44.04,,pending,
ORD-12277,2025-08-17,Abuja,Keyboard,Kofi,7,45.49,,paid,
ORD-12278,2025-03-12,Cape Town,Tablet,Zainab,2,431.88,,refunded,
ORD-12279,2025-11-13,Accra,Headphones,Omar,4,91.26,,pending,
ORD-12280,2025-10-07,Lagos,Headphones,Tunde,7,78.72,,paid,
ORD-12281,2025-08-21,Cape Town,Monitor,Wanjiru,12,243.78,,paid,
ORD-12282,2025-04-14,Abuja,Laptop,Zainab,5,1034.81,0.10,pending,
ORD-12283,2025-07-04,Cape Town,Tablet,Zainab,10,409.84,,paid,
ORD-12284,2025-02-03,Abuja,Monitor,Ada,3,240.45,,paid,"  needs follow-up, ""urgent"" "
ORD-12285,2025-08-31,Accra,Keyboard,Ada,1,40.85,,paid,
ORD-12286,2025-02-11,Cape Town,Phone,Ada,7,579.86,,refunded,"gift wrap
second line"
ORD-12287,2025-12-07,Lagos,Phone,Wanjiru,9,630.14,,paid,"  needs follow-up, ""urgent"" "
ORD-12288,2025-02-13,Cape Town,Tablet,Ada,2,403.00,0.19,paid,"gift wrap
second line"
ORD-12289,2025-05-03,Accra,Keyboard,Thandi,10,44.85,,pending,
ORD-12290,2025-06-30,Cairo,Tablet,Kofi,9,418.48,,paid,
ORD-12291,2025-10-16,Lagos,Laptop,Thandi,5,938.83,,refunded,
ORD-12292,2025-08-31,Lagos,Phone,Omar,3,577.02,,paid,
ORD-12293,2025-03-02,Lagos,Monitor,Wanjiru,1,217.59,,paid,
ORD-12294,2025-03-29,Lagos,Tablet,Omar,8,402.83,,paid,
ORD-12295,2025-12-30,Abuja,Tablet,Kofi,1,392.29,,paid,
ORD-12296,2025-08-16,Nairobi,Headphones,Wanjiru,1,83.54,,refunded,
ORD-12297,2025-08-21,Lagos,Tablet,Ada,10,370.91,,paid,"  needs follow-up, ""urgent"" "
ORD-12298,2025-03-17,Cape Town,Headphones,Ada,11,85.83,,paid,
ORD-12299,2025-02-02,Cairo,Laptop,Zainab,11,930.22,0.23,paid,
ORD-12300,2025-12-02,Cape Town,Keyboard,Thandi,2,43.62,0.10,pending,"  needs follow-up, ""urgent"" "
ORD-12301,2025-07-29,Cape Town,Monitor,Omar,12,233.90,,refunded,
ORD-12302,2025-05-30,Cairo,Monitor,Ada,6,240.47,,paid,
ORD-12303,2025-01-26,Nairobi,Monitor,Omar,1,242.89,,pending,"gift wrap
second line"
ORD-12304,2025-02-22,Lagos,Keyboard,Zainab,9,41.77,0.10,paid,
ORD-12305,2025-01-26,Accra,Headphones,Wanjiru,4,77.12,0.14,refunded,"  needs follow-up, ""urgent"" "
ORD-12306,2025-11-25,Cape Town,Laptop,Thandi,7,918.99,,refunded,
ORD-12307,2025-07-02,Cape Town,Monitor,Zainab,3,221.68,0.16,paid,
ORD-12308,2025-08-10,Abuja,Laptop,Kofi,12,931.46,,paid,
ORD-12309,2025-03-29,Lagos,Phone,Tunde,9,617.93,,paid,
ORD-12310,2025-04-29,Accra,Tablet,Wanjiru,10,415.40,0.16,pending,
ORD-12311,2025-06-23,Accra,Tablet,Tunde,11,423.79,0.10,paid,
ORD-12312,2025-03-17,Accra,Monitor,Omar,3,248.27,0.16,paid,"gift wrap
second line"
ORD-12313,2025-12-14,Abuja,Keyboard,Wanjiru,5,48.38,,refunded,
ORD-12314,2025-05-21,Lagos,Keyboard,Zainab,2,43.27,,pending,
ORD-12315,2025-12-31,Cairo,Laptop,Wanjiru,7,945.00,,paid,
ORD-12316,2025-06-29,Cape Town,Monitor,Thandi,2,231.99,,paid,
ORD-12317,2025-09-17,Accra,Laptop,Kofi,8,968.90,0.23,paid,
ORD-12318,2025-09-13,Accra,Monitor,Kofi,10,249.01,,pending,
ORD-12319,2025-11-14,Nairobi,Laptop,Thandi,8,877.03,,refunded,
ORD-12320,2025-07-27,Cape Town,Headphones,Wanjiru,8,79.96,0.19,paid,
ORD-12321,2025-05-23,Accra,Laptop,Zainab,5,997.17,,paid,
ORD-12322,2025-02-16,Lagos,Phone,Ada,1,636.84,0.01,paid,
ORD-12323,2025-09-15,Lagos,Laptop,Ada,10,991.34,,pending,
ORD-12324,2025-09-15,Nairobi,Monitor,Thandi,8,211.69,0.06,refunded,"gift wrap
second line"
ORD-12325,2025-09-13,Abuja,Tablet,Omar,3,376.57,0.13,paid,
ORD-12326,2025-11-01,Nairobi,Phone,Zainab,10,598.45,,refunded,
ORD-12327,2025-11-26,Lagos,Keyboard,Tunde,6,40.98,,paid,
ORD-12328,2025-11-01,Accra,Tablet,Kofi,2,430.58,0.16,refunded,
ORD-12329,2025-03-29,Cairo,Keyboard,Thandi,2,47.27,0.18,paid,
ORD-12330,2025-08-12,Lagos,Headphones,Ada,1,88.12,,pending,
ORD-12331,2025-09-07,Lagos,Laptop,Kofi,3,963.32,,paid,
ORD-12332,2025-12-28,Accra,Headphones,Omar,12,83.09,,refunded,
ORD-12333,2025-09-07,Nairobi,Phone,Tunde,6,679.32,,pending,
ORD-12334,2025-09-19,Abuja,Laptop,Thandi,12,968.94,,refunded,"  needs follow-up, ""urgent"" "
ORD-12335,2025-05-06,Nairobi,Monitor,Wanjiru,10,239.04,,paid,
ORD-12336,2025-02-11,Accra,Phone,Thandi,9,622.09,0.14,refunded,
ORD-12337,2025-05-22,Abuja,Monitor,Kofi,12,207.17,,paid,
ORD-12338,2025-11-25,Lagos,Phone,Kofi,2,560.27,0.17,pending,"gift wrap
second line"
ORD-12339,2025-12-13,Cape Town,Phone,Tunde,2,611.91,,refunded,
ORD-12340,2025-09-16,Cape Town,Keyboard,Kofi,5,46.32,0.03,paid,
ORD-12341,2025-08-16,Cairo,Keyboard,Omar,3,48.21,,pending,
ORD-12342,2025-01-15,Cape Town,Keyboard,Zainab,6,48.70,,pending,
ORD-12343,2025-06-01,Abuja,Tablet,Tunde,8,391.99,,pending,
ORD-12344,2025-03-20,Nairobi,Tablet,Kofi,6,379.36,0.17,paid,
ORD-12345,2025-10-01,Abuja,Monitor,Kofi,3,237.23,,pending,"  needs follow-up, ""urgent"" "
ORD-12346,2025-01-27,Cape Town,Tablet,Ada,4,441.52,0.06,paid,
ORD-12347,2025-02-04,Lagos,Headphones,Tunde,8,85.39,0.09,paid,"  needs follow-up, ""urgent"" "
ORD-12348,2025-12-30,Accra,Phone,Wanjiru,10,679.17,0.10,refunded,
ORD-12349,2025-03-04,Cairo,Headphones,Ada,2,77.90,,paid,
ORD-12350,2025-08-29,Abuja,Laptop,Zainab,11,1036.08,,paid,
ORD-12351,2025-08-21,Nairobi,Laptop,Ada,7,983.22,0.04,paid,
ORD-12352,2025-08-22,Lagos,Monitor,Wanjiru,7,243.38,0.13,refunded,
ORD-12353,2025-06-05,Nairobi,Phone,Wanjiru,11,641.47,0.15,paid,
ORD-12354,2025-09-20,Nairobi,Laptop,Ada,8,1037.31,,paid,
ORD-12355,2025-03-28,Nairobi,Laptop,Ada,1,933.19,,refunded,
ORD-12356,2025-02-08,Lagos,Keyboard,Tunde,1,48.82,,paid,
ORD-12357,2025-04-30,Lagos,Phone,Ada,10,671.81,,paid,
ORD-12358,2025-05-18,Nairobi,Keyboard,Ada,3,42.60,,pending,
ORD-12359,2025-09-03,Nairobi,Keyboard,Ada,2,45.02,,pending,
ORD-12360,2025-02-15,Lagos,Monitor,Zainab,10,215.91,0.13,refunded,
ORD-12361,2025-07-30,Cape Town,Laptop,Omar,10,1029.14,,paid,
ORD-12362,2025-07-19,Nairobi,Laptop,Wanjiru,8,940.44,,pending,
ORD-12363,2025-06-15,Cape Town,Keyboard,Wanjiru,5,41.39,,paid,
ORD-12364,2025-07-16,Cape Town,Tablet,Zainab,3,420.95,,pending,
ORD-12365,2025-10-03,Cape Town,Laptop,Zainab,2,1012.89,,pending,
ORD-12366,2025-05-19,Cairo,Keyboard,Ada,11,40.97,,paid,
ORD-12367,2025-03-22,Accra,Phone,Tunde,4,560.95,,paid,
ORD-12368,2025-06-04,Nairobi,Phone,Tunde,9,666.85,,paid,
ORD-12369,2025-07-20,Abuja,Laptop,Omar,6,938.70,,pending,
ORD-12370,2025-09-04,Accra,Tablet,Tunde,4,445.38,,paid,
ORD-12371,2025-02-18,Cairo,Headphones,Wanjiru,7,80.50,0.24,paid,
ORD-12372,2025-10-12,Lagos,Tablet,Thandi,9,419.78,,paid,
ORD-12373,2025-01-06,Accra,Phone,Omar,4,572.98,,refunded,
ORD-12374,2025-12-21,Abuja,Phone,Kofi,10,632.89,,paid,
ORD-12375,2025-01-28,Lagos,Monitor,Omar,6,209.85,,paid,
ORD-12376,2025-05-07,Nairobi,Laptop,Wanjiru,9,969.44,,paid,
ORD-12377,2025-04-26,Cape Town,Keyboard,Zainab,8,41.69,,paid,
ORD-12378,2025-05-12,Cairo,Tablet,Zainab,1,371.78,0.06,pending,
ORD-12379,2025-01-16,Accra,Monitor,Ada,4,208.06,0.20,paid,
ORD-12380,2025-07-02,Cairo,Keyboard,Wanjiru,12,43.83,,paid,
ORD-12381,2025-10-12,Cairo,Headphones,Thandi,5,77.22,,pending,
ORD-12382,2025-11-21,Abuja,Laptop,Zainab,6,1013.77,0.06,paid,
ORD-12383,2025-04-07,Abuja,Keyboard,Zainab,12,47.97,0.20,pending,
ORD-12384,2025-07-31,Cairo,Keyboard,Thandi,8,42.83,,paid,
ORD-12385,2025-10-19,Nairobi,Keyboard,Ada,2,46.27,,refunded,"gift wrap
second line"
ORD-12386,2025-01-07,Abuja,Laptop,Thandi,9,881.78,0.20,paid,
ORD-12387,2025-06-29,Cape Town,Keyboard,Ada,10,40.83,0.18,paid,
ORD-12388,2025-08-12,Abuja,Headphones,Omar,3,87.22,,refunded,
ORD-12389,2025-07-24,Accra,Laptop,Zainab,3,1015.92,,paid,
ORD-12390,2025-04-12,Accra,Tablet,Thandi,10,372.24,0.02,paid,
ORD-12391,2025-12-11,Abuja,Laptop,Ada,6,988.43,,refunded,
ORD-12392,2025-08-05,Cairo,Phone,Wanjiru,12,580.35,,paid,
ORD-12393,2025-03-29,Abuja,Headphones,Ada,8,91.76,0.10,refunded,
ORD-12394,2025-09-24,Nairobi,Keyboard,Kofi,10,46.95,,pending,
ORD-12395,2025-09-15,Nairobi,Phone,Ada,9,595.53,,paid,
ORD-12396,2025-06-01,Cape Town,Phone,Wanjiru,8,580.96,,pending,
ORD-12397,2025-05-28,Cairo,Keyboard,Zainab,11,41.50,0.19,paid,
ORD-12398,2025-09-05,Cape Town,Keyboard,Tunde,7,41.82,0.19,pending,
ORD-12399,2025-07-30,Abuja,Laptop,Tunde,8,1031.40,0.18,paid,
ORD-12400,2025-01-04,Accra,Keyboard,Ada,3,47.27,,pending,
ORD-12401,2025-08-31,Lagos,Headphones,Zainab,7,86.33,,paid,
ORD-12402,2025-07-12,Accra,Tablet,Omar,7,446.53,,refunded,
ORD-12403,2025-07-01,Cairo,Keyboard,Zainab,1,43.18,0.15,paid,
ORD-12404,2025-12-24,Lagos,Tablet,Wanjiru,3,406.44,,pending,
ORD-12405,2025-01-15,Accra,Monitor,Thandi,2,245.08,,pending,
ORD-12406,2025-03-18,Cairo,Phone,Ada,10,670.18,0.07,pending,
ORD-12407,2025-02-27,Abuja,Phone,Thandi,11,637.77,,paid,"  needs follow-up, ""urgent"" "
ORD-12408,2025-08-11,Cairo,Monitor,Omar,10,226.27,,refunded,
ORD-12409,2025-12-11,Cape Town,Laptop,Tunde,12,911.48,0.10,pending,
ORD-12410,2025-12-09,Abuja,Phone,Omar,1,597.26,,paid,
ORD-12411,2025-03-14,Cape Town,Headphones,Tunde,12,85.67,,refunded,
ORD-12412,2025-06-11,Abuja,Headphones,Thandi,3,81.98,0.11,pending,
ORD-12413,2025-07-16,Lagos,Headphones,Omar,7,92.84,,refunded,
ORD-12414,2025-07-22,Cape Town,Monitor,Zainab,9,230.39,0.23,paid,
ORD-12415,2025-10-22,Abuja,Monitor,Ada,1,221.52,,paid,
ORD-12416,2025-12-04,Accra,Keyboard,Tunde,10,46.17,,paid,
ORD-12417,2025-05-05,Abuja,Keyboard,Zainab,5,48.35,,paid,
ORD-12418,2025-08-13,Accra,Laptop,Thandi,7,874.65,0.15,paid,
ORD-12419,2025-01-14,Cape Town,Headphones,Tunde,1,89.90,,paid,
ORD-12420,2025-01-31,Accra,Keyboard,Kofi,10,48.18,,refunded,
ORD-12421,2025-01-01,Nairobi,Headphones,Wanjiru,6,80.34,,paid,
ORD-12422,2025-02-11,Cape Town,Headphones,Zainab,8,84.57,,pending,
ORD-12423,2025-08-06,Cape Town,Monitor,Omar,6,238.89,,refunded,"  needs follow-up, ""urgent"" "
ORD-12424,2025-02-13,Abuja,Keyboard,Tunde,11,44.59,0.02,paid,
ORD-12425,2025-02-10,Accra,Keyboard,Ada,12,46.64,,paid,
ORD-12426,2025-02-07,Cairo,Monitor,Thandi,9,210.27,0.11,paid,
ORD-12427,2025-08-01,Cape Town,Keyboard,Wanjiru,6,48.74,0.04,refunded,
ORD-12428,2025-06-03,Abuja,Keyboard,Kofi,2,48.32,0.04,paid,
ORD-12429,2025-09-28,Nairobi,Monitor,Omar,1,208.59,,paid,
ORD-12430,2025-05-25,Lagos,Headphones,Zainab,10,85.66,,pending,
ORD-12431,2025-04-24,Lagos,Tablet,Zainab,2,411.51,,paid,
ORD-12432,2025-10-07,Cairo,Laptop,Zainab,5,979.00,,refunded,
ORD-12433,2025-10-17,Cairo,Phone,Thandi,3,625.69,0.23,refunded,
ORD-12434,2025-04-15,Lagos,Monitor,Thandi,8,244.95,,refunded,
ORD-12435,2025-03-22,Nairobi,Keyboard,Thandi,10,42.51,0.08,paid,
ORD-12436,2025-10-22,Lagos,Tablet,Omar,3,388.12,,refunded,
ORD-12437,2025-11-09,Abuja,Headphones,Kofi,2,77.66,,paid,"  needs follow-up, ""urgent"" "
ORD-12438,2025-09-07,Accra,Laptop,Zainab,11,954.08,,paid,
ORD-12439,2025-07-23,Lagos,Phone,Ada,12,572.26,0.08,paid,
ORD-12440,2025-11-29,Cape Town,Headphones,Kofi,4,83.81,,pending,
ORD-12441,2025-04-03,Nairobi,Keyboard,Kofi,10,43.04,,refunded,
ORD-12442,2025-09-22,Cape Town,Phone,Wanjiru,5,582.05,0.09,paid,"  needs follow-up, ""urgent"" "
ORD-12443,2025-07-23,Cairo,Laptop,Ada,2,1022.62,,paid,
ORD-12444,2025-06-21,Lagos,Tablet,Wanjiru,3,423.42,,pending,
ORD-12445,2025-08-23,Lagos,Headphones,Thandi,5,87.97,,refunded,
ORD-12446,2025-11-03,Cairo,Laptop,Ada,9,915.92,0.23,pending,
ORD-12447,2025-02-03,Lagos,Phone,Ada,10,577.63,,refunded,
ORD-12448,2025-12-06,Abuja,Headphones,Omar,3,81.43,,refunded,
ORD-12449,2025-04-13,Nairobi,Phone,Omar,1,646.49,,refunded,
ORD-12450,2025-01-06,Nairobi,Phone,Tunde,1,639.46,,paid,
ORD-12451,2025-10-05,Abuja,Tablet,Omar,7,384.04,0.03,paid,"  needs follow-up, ""urgent"" "
ORD-12452,2025-03-06,Nairobi,Tablet,Thandi,8,395.11,,paid,
ORD-12453,2025-11-24,Abuja,Monitor,Thandi,2,217.43,0.09,refunded,
ORD-12454,2025-02-08,Lagos,Tablet,Omar,12,420.40,0.16,paid,
ORD-12455,2025-10-18,Cape Town,Tablet,Omar,7,390.01,,paid,
ORD-12456,2025-11-21,Cairo,Monitor,Kofi,2,231.85,0.13,paid,
ORD-12457,2025-09-12,Cairo,Keyboard,Omar,5,48.48,0.08,pending,"  needs follow-up, ""urgent"" "
ORD-12458,2025-06-26,Cape Town,Headphones,Wanjiru,3,87.05,,refunded,
ORD-12459,2025-09-19,Cairo,Phone,Omar,10,674.21,,paid,
ORD-12460,2025-01-02,Lagos,Keyboard,Zainab,4,49.09,,paid,
ORD-12461,2025-08-11,Accra,Phone,Thandi,4,671.10,,paid,
ORD-12462,2025-07-11,Nairobi,Headphones,Kofi,1,79.29,,paid,
ORD-12463,2025-03-18,Cairo,Phone,Zainab,8,601.63,0.17,paid,
ORD-12464,2025-11-24,Cape Town,Laptop,Omar,11,866.14,0.23,paid,
ORD-12465,2025-03-05,Nairobi,Monitor,Omar,8,209.74,,refunded,
ORD-12466,2025-03-12,Lagos,Keyboard,Thandi,2,44.63,0.19,paid,
ORD-12467,2025-02-05,Nairobi,Monitor,Kofi,11,214.12,,paid,
ORD-12468,2025-07-05,Accra,Keyboard,Ada,6,48.02,,refunded,
ORD-12469,2025-08-24,Cairo,Tablet,Thandi,4,397.80,0.07,paid,
ORD-12470,2025-10-27,Cape Town,Phone,Wanjiru,4,595.46,,pending,
ORD-12471,2025-12-17,Cairo,Tablet,Wanjiru,2,396.64,,pending,
ORD-12472,2025-10-05,Abuja,Tablet,Wanjiru,6,436.12,,paid,
ORD-12473,2025-10-07,Lagos,Monitor,Ada,1,209.89,,paid,
ORD-12474,2025-11-23,Abuja,Tablet,Wanjiru,12,392.40,0.01,pending,
ORD-12475,2025-02-03,Lagos,Phone,Thandi,10,578.80,,refunded,
ORD-12476,2025-01-25,Nairobi,Monitor,Omar,10,210.34,0.00,refunded,"  needs follow-up, ""urgent"" "
ORD-12477,2025-06-19,Cape Town,Monitor,Zainab,10,208.42,0.14,paid,
ORD-12478,2025-05-11,Abuja,Tablet,Omar,2,379.77,0.24,paid,
ORD-12479,2025-12-17,Accra,Phone,Kofi,10,618.16,,paid,
ORD-12480,2025-06-07,Nairobi,Phone,Ada,12,664.26,0.11,paid,
ORD-12481,2025-05-14,Cairo,Keyboard,Kofi,2,43.37,0.12,paid,
ORD-12482,2025-07-19,Accra,Headphones,Thandi,2,77.31,,paid,
ORD-12483,2025-11-01,Accra,Phone,Ada,3,618.50,,pending,
ORD-12484,2025-01-09,Cape Town,Headphones,Kofi,12,78.35,,paid,
ORD-12485,2025-08-14,Nairobi,Monitor,Omar,3,219.05,0.23,refunded,
ORD-12486,2025-10-14,Nairobi,Laptop,Thandi,2,865.37,0.15,paid,
ORD-12487,2025-05-21,Cape Town,Laptop,Tunde,7,928.66,,paid,
ORD-12488,2025-05-04,Lagos,Headphones,Kofi,1,78.23,,pending,
ORD-12489,2025-09-30,Cairo,Tablet,Omar,3,413.94,0.21,paid,"gift wrap
second line"
ORD-12490,2025-06-09,Cape Town,Tablet,Tunde,3,443.30,,paid,
ORD-12491,2025-04-29,Nairobi,Tablet,Tunde,5,401.16,0.03,paid,
ORD-12492,2025-05-24,Lagos,Headphones,Kofi,7,78.50,0.15,refunded,
ORD-12493,2025-01-01,Cairo,Tablet,Ada,11,372.50,,paid,
ORD-12494,2025-10-03,Accra,Monitor,Wanjiru,12,235.34,0.07,pending,
ORD-12495,2025-12-17,Accra,Tablet,Kofi,2,383.20,,paid,
ORD-12496,2025-03-14,Lagos,Laptop,Ada,11,1025.27,,refunded,
ORD-12497,2025-09-03,Cape Town,Headphones,Kofi,5,92.70,,refunded,
ORD-12498,2025-08-08,Lagos,Monitor,Wanjiru,3,240.56,,refunded,
ORD-12499,2025-04-04,Nairobi,Monitor,Tunde,1,231.97,0.22,paid,
ORD-10004,2025-11-17,Lagos,Headphones,Tunde,7,85.15,,paid,
